

﻿INSERT INTO departamento (id_departamento, nombre_departamento) VALUES (1, 'Ahuachapán');
INSERT INTO departamento (id_departamento, nombre_departamento) VALUES (2, 'Santa Ana');
INSERT INTO departamento (id_departamento, nombre_departamento) VALUES (3, 'Sonsonate');
INSERT INTO departamento (id_departamento, nombre_departamento) VALUES (4, 'La Libertad');
INSERT INTO departamento (id_departamento, nombre_departamento) VALUES (5, 'Chalatenango');
INSERT INTO departamento (id_departamento, nombre_departamento) VALUES (6, 'San Salvador');
INSERT INTO departamento (id_departamento, nombre_departamento) VALUES (7, 'Cuscatlán');
INSERT INTO departamento (id_departamento, nombre_departamento) VALUES (8, 'La Paz');
INSERT INTO departamento (id_departamento, nombre_departamento) VALUES (9, 'Cabañas');
INSERT INTO departamento (id_departamento, nombre_departamento) VALUES (10, 'San Vicente');
INSERT INTO departamento (id_departamento, nombre_departamento) VALUES (11, 'Usulután');
INSERT INTO departamento (id_departamento, nombre_departamento) VALUES (12, 'Morazán');
INSERT INTO departamento (id_departamento, nombre_departamento) VALUES (13, 'San Miguel');
INSERT INTO departamento (id_departamento, nombre_departamento) VALUES (14, 'La Unión');



INSERT INTO municipio (id_municipio, nombre_municipio, id_departamento) VALUES (1, ' Ahuachapán', 1);
INSERT INTO municipio (id_municipio, nombre_municipio, id_departamento) VALUES (2, ' Jujutla', 1);
INSERT INTO municipio (id_municipio, nombre_municipio, id_departamento) VALUES (3, ' Atiquizaya', 1);
INSERT INTO municipio (id_municipio, nombre_municipio, id_departamento) VALUES (4, ' Concepción de Ataco', 1);
INSERT INTO municipio (id_municipio, nombre_municipio, id_departamento) VALUES (5, ' El Refugio', 1);
INSERT INTO municipio (id_municipio, nombre_municipio, id_departamento) VALUES (6, ' Guaymango', 1);
INSERT INTO municipio (id_municipio, nombre_municipio, id_departamento) VALUES (7, ' Apaneca', 1);
INSERT INTO municipio (id_municipio, nombre_municipio, id_departamento) VALUES (8, ' San Francisco Menéndez', 1);
INSERT INTO municipio (id_municipio, nombre_municipio, id_departamento) VALUES (9, ' San Lorenzo', 1);
INSERT INTO municipio (id_municipio, nombre_municipio, id_departamento) VALUES (10, ' San Pedro Puxtla', 1);
INSERT INTO municipio (id_municipio, nombre_municipio, id_departamento) VALUES (11, ' Tacuba', 1);
INSERT INTO municipio (id_municipio, nombre_municipio, id_departamento) VALUES (12, ' Turín', 1);
INSERT INTO municipio (id_municipio, nombre_municipio, id_departamento) VALUES (13, ' Candelaria de la Frontera', 2);
INSERT INTO municipio (id_municipio, nombre_municipio, id_departamento) VALUES (14, ' Chalchuapa', 2);
INSERT INTO municipio (id_municipio, nombre_municipio, id_departamento) VALUES (15, ' Coatepeque', 2);
INSERT INTO municipio (id_municipio, nombre_municipio, id_departamento) VALUES (16, ' El Congo', 2);
INSERT INTO municipio (id_municipio, nombre_municipio, id_departamento) VALUES (17, ' El Porvenir', 2);
INSERT INTO municipio (id_municipio, nombre_municipio, id_departamento) VALUES (18, ' Masahuat', 2);
INSERT INTO municipio (id_municipio, nombre_municipio, id_departamento) VALUES (19, ' Metapán', 2);
INSERT INTO municipio (id_municipio, nombre_municipio, id_departamento) VALUES (20, ' San Antonio Pajonal', 2);
INSERT INTO municipio (id_municipio, nombre_municipio, id_departamento) VALUES (21, ' San Sebastián Salitrillo', 2);
INSERT INTO municipio (id_municipio, nombre_municipio, id_departamento) VALUES (22, ' Santa Ana', 2);
INSERT INTO municipio (id_municipio, nombre_municipio, id_departamento) VALUES (23, ' Santa Rosa Guachipilín', 2);
INSERT INTO municipio (id_municipio, nombre_municipio, id_departamento) VALUES (24, ' Santiago de la Frontera', 2);
INSERT INTO municipio (id_municipio, nombre_municipio, id_departamento) VALUES (25, ' Texistepeque', 2);
INSERT INTO municipio (id_municipio, nombre_municipio, id_departamento) VALUES (26, ' Acajutla', 3);
INSERT INTO municipio (id_municipio, nombre_municipio, id_departamento) VALUES (27, ' Armenia', 3);
INSERT INTO municipio (id_municipio, nombre_municipio, id_departamento) VALUES (28, ' Caluco', 3);
INSERT INTO municipio (id_municipio, nombre_municipio, id_departamento) VALUES (29, ' Cuisnahuat', 3);
INSERT INTO municipio (id_municipio, nombre_municipio, id_departamento) VALUES (30, ' Izalco', 3);
INSERT INTO municipio (id_municipio, nombre_municipio, id_departamento) VALUES (31, ' Juayúa', 3);
INSERT INTO municipio (id_municipio, nombre_municipio, id_departamento) VALUES (32, ' Nahuizalco', 3);
INSERT INTO municipio (id_municipio, nombre_municipio, id_departamento) VALUES (33, ' Nahulingo', 3);
INSERT INTO municipio (id_municipio, nombre_municipio, id_departamento) VALUES (34, ' Salcoatitán', 3);
INSERT INTO municipio (id_municipio, nombre_municipio, id_departamento) VALUES (35, ' San Antonio del Monte', 3);
INSERT INTO municipio (id_municipio, nombre_municipio, id_departamento) VALUES (36, ' San Julián', 3);
INSERT INTO municipio (id_municipio, nombre_municipio, id_departamento) VALUES (37, ' Santa Catarina Masahuat', 3);
INSERT INTO municipio (id_municipio, nombre_municipio, id_departamento) VALUES (38, ' Santa Isabel Ishuatán', 3);
INSERT INTO municipio (id_municipio, nombre_municipio, id_departamento) VALUES (39, ' Santo Domingo de Guzmán', 3);
INSERT INTO municipio (id_municipio, nombre_municipio, id_departamento) VALUES (40, ' Sonsonate', 3);
INSERT INTO municipio (id_municipio, nombre_municipio, id_departamento) VALUES (41, ' Sonzacate', 3);
INSERT INTO municipio (id_municipio, nombre_municipio, id_departamento) VALUES (42, ' Alegría', 11);
INSERT INTO municipio (id_municipio, nombre_municipio, id_departamento) VALUES (43, ' Berlín', 11);
INSERT INTO municipio (id_municipio, nombre_municipio, id_departamento) VALUES (44, ' California', 11);
INSERT INTO municipio (id_municipio, nombre_municipio, id_departamento) VALUES (45, ' Concepción Batres', 11);
INSERT INTO municipio (id_municipio, nombre_municipio, id_departamento) VALUES (46, ' El Triunfo', 11);
INSERT INTO municipio (id_municipio, nombre_municipio, id_departamento) VALUES (47, ' Ereguayquín', 11);
INSERT INTO municipio (id_municipio, nombre_municipio, id_departamento) VALUES (48, ' Estanzuelas', 11);
INSERT INTO municipio (id_municipio, nombre_municipio, id_departamento) VALUES (49, ' Jiquilisco', 11);
INSERT INTO municipio (id_municipio, nombre_municipio, id_departamento) VALUES (50, ' Jucuapa', 11);
INSERT INTO municipio (id_municipio, nombre_municipio, id_departamento) VALUES (51, ' Jucuarán', 11);
INSERT INTO municipio (id_municipio, nombre_municipio, id_departamento) VALUES (52, ' Mercedes Umaña', 11);
INSERT INTO municipio (id_municipio, nombre_municipio, id_departamento) VALUES (53, ' Nueva Granada', 11);
INSERT INTO municipio (id_municipio, nombre_municipio, id_departamento) VALUES (54, ' Ozatlán', 11);
INSERT INTO municipio (id_municipio, nombre_municipio, id_departamento) VALUES (55, ' Puerto El Triunfo', 11);
INSERT INTO municipio (id_municipio, nombre_municipio, id_departamento) VALUES (56, ' San Agustín', 11);
INSERT INTO municipio (id_municipio, nombre_municipio, id_departamento) VALUES (57, ' San Buenaventura', 11);
INSERT INTO municipio (id_municipio, nombre_municipio, id_departamento) VALUES (58, ' San Dionisio', 11);
INSERT INTO municipio (id_municipio, nombre_municipio, id_departamento) VALUES (59, ' San Francisco Javier', 11);
INSERT INTO municipio (id_municipio, nombre_municipio, id_departamento) VALUES (60, ' Santa Elena', 11);
INSERT INTO municipio (id_municipio, nombre_municipio, id_departamento) VALUES (61, ' Santa María', 11);
INSERT INTO municipio (id_municipio, nombre_municipio, id_departamento) VALUES (62, ' Santiago de María', 11);
INSERT INTO municipio (id_municipio, nombre_municipio, id_departamento) VALUES (63, ' Tecapán', 11);
INSERT INTO municipio (id_municipio, nombre_municipio, id_departamento) VALUES (64, ' Usulután', 11);
INSERT INTO municipio (id_municipio, nombre_municipio, id_departamento) VALUES (65, ' Carolina', 13);
INSERT INTO municipio (id_municipio, nombre_municipio, id_departamento) VALUES (66, ' Chapeltique', 13);
INSERT INTO municipio (id_municipio, nombre_municipio, id_departamento) VALUES (67, ' Chinameca', 13);
INSERT INTO municipio (id_municipio, nombre_municipio, id_departamento) VALUES (68, ' Chirilagua', 13);
INSERT INTO municipio (id_municipio, nombre_municipio, id_departamento) VALUES (69, ' Ciudad Barrios', 13);
INSERT INTO municipio (id_municipio, nombre_municipio, id_departamento) VALUES (70, ' Comacarán', 13);
INSERT INTO municipio (id_municipio, nombre_municipio, id_departamento) VALUES (71, ' El Tránsito', 13);
INSERT INTO municipio (id_municipio, nombre_municipio, id_departamento) VALUES (72, ' Lolotique', 13);
INSERT INTO municipio (id_municipio, nombre_municipio, id_departamento) VALUES (73, ' Moncagua', 13);
INSERT INTO municipio (id_municipio, nombre_municipio, id_departamento) VALUES (74, ' Nueva Guadalupe', 13);
INSERT INTO municipio (id_municipio, nombre_municipio, id_departamento) VALUES (75, ' Nuevo Edén de San Juan', 13);
INSERT INTO municipio (id_municipio, nombre_municipio, id_departamento) VALUES (76, ' Quelepa', 13);
INSERT INTO municipio (id_municipio, nombre_municipio, id_departamento) VALUES (77, ' San Antonio del Mosco', 13);
INSERT INTO municipio (id_municipio, nombre_municipio, id_departamento) VALUES (78, ' San Gerardo', 13);
INSERT INTO municipio (id_municipio, nombre_municipio, id_departamento) VALUES (79, ' San Jorge', 13);
INSERT INTO municipio (id_municipio, nombre_municipio, id_departamento) VALUES (80, ' San Luis de la Reina', 13);
INSERT INTO municipio (id_municipio, nombre_municipio, id_departamento) VALUES (81, ' San Miguel', 13);
INSERT INTO municipio (id_municipio, nombre_municipio, id_departamento) VALUES (82, ' San Rafael Oriente', 13);
INSERT INTO municipio (id_municipio, nombre_municipio, id_departamento) VALUES (83, ' Sesori', 13);
INSERT INTO municipio (id_municipio, nombre_municipio, id_departamento) VALUES (84, ' Uluazapa', 13);
INSERT INTO municipio (id_municipio, nombre_municipio, id_departamento) VALUES (85, ' Arambala', 12);
INSERT INTO municipio (id_municipio, nombre_municipio, id_departamento) VALUES (86, ' Cacaopera', 12);
INSERT INTO municipio (id_municipio, nombre_municipio, id_departamento) VALUES (87, ' Chilanga', 12);
INSERT INTO municipio (id_municipio, nombre_municipio, id_departamento) VALUES (88, ' Corinto', 12);
INSERT INTO municipio (id_municipio, nombre_municipio, id_departamento) VALUES (89, ' Delicias de Concepción', 12);
INSERT INTO municipio (id_municipio, nombre_municipio, id_departamento) VALUES (90, ' El Divisadero', 12);
INSERT INTO municipio (id_municipio, nombre_municipio, id_departamento) VALUES (91, ' El Rosario Morazán', 12);
INSERT INTO municipio (id_municipio, nombre_municipio, id_departamento) VALUES (92, ' Gualococti', 12);
INSERT INTO municipio (id_municipio, nombre_municipio, id_departamento) VALUES (93, ' Guatajiagua', 12);
INSERT INTO municipio (id_municipio, nombre_municipio, id_departamento) VALUES (94, ' Joateca', 12);
INSERT INTO municipio (id_municipio, nombre_municipio, id_departamento) VALUES (95, ' Jocoaitique', 12);
INSERT INTO municipio (id_municipio, nombre_municipio, id_departamento) VALUES (96, ' Jocoro', 12);
INSERT INTO municipio (id_municipio, nombre_municipio, id_departamento) VALUES (97, ' Lolotiquillo', 12);
INSERT INTO municipio (id_municipio, nombre_municipio, id_departamento) VALUES (98, ' Meanguera', 12);
INSERT INTO municipio (id_municipio, nombre_municipio, id_departamento) VALUES (99, ' Osicala', 12);
INSERT INTO municipio (id_municipio, nombre_municipio, id_departamento) VALUES (100, ' Perquín', 12);
INSERT INTO municipio (id_municipio, nombre_municipio, id_departamento) VALUES (101, ' San Carlos', 12);
INSERT INTO municipio (id_municipio, nombre_municipio, id_departamento) VALUES (102, ' San Fernando Morazán', 12);
INSERT INTO municipio (id_municipio, nombre_municipio, id_departamento) VALUES (103, ' San Francisco Gotera', 12);
INSERT INTO municipio (id_municipio, nombre_municipio, id_departamento) VALUES (104, ' San Isidro Morazán', 12);
INSERT INTO municipio (id_municipio, nombre_municipio, id_departamento) VALUES (105, ' San Simón', 12);
INSERT INTO municipio (id_municipio, nombre_municipio, id_departamento) VALUES (106, ' Sensembra', 12);
INSERT INTO municipio (id_municipio, nombre_municipio, id_departamento) VALUES (107, ' Sociedad', 12);
INSERT INTO municipio (id_municipio, nombre_municipio, id_departamento) VALUES (108, ' Torola', 12);
INSERT INTO municipio (id_municipio, nombre_municipio, id_departamento) VALUES (109, ' Yamabal', 12);
INSERT INTO municipio (id_municipio, nombre_municipio, id_departamento) VALUES (110, ' Yoloaiquín', 12);
INSERT INTO municipio (id_municipio, nombre_municipio, id_departamento) VALUES (111, ' La Unión', 14);
INSERT INTO municipio (id_municipio, nombre_municipio, id_departamento) VALUES (112, ' San Alejo', 14);
INSERT INTO municipio (id_municipio, nombre_municipio, id_departamento) VALUES (113, ' Yucuaiquín', 14);
INSERT INTO municipio (id_municipio, nombre_municipio, id_departamento) VALUES (114, ' Conchagua', 14);
INSERT INTO municipio (id_municipio, nombre_municipio, id_departamento) VALUES (115, ' Intipucá', 14);
INSERT INTO municipio (id_municipio, nombre_municipio, id_departamento) VALUES (116, ' San José', 14);
INSERT INTO municipio (id_municipio, nombre_municipio, id_departamento) VALUES (117, ' El Carmen La Unión', 14);
INSERT INTO municipio (id_municipio, nombre_municipio, id_departamento) VALUES (118, ' Yayantique', 14);
INSERT INTO municipio (id_municipio, nombre_municipio, id_departamento) VALUES (119, ' Bolívar', 14);
INSERT INTO municipio (id_municipio, nombre_municipio, id_departamento) VALUES (120, ' Meanguera del Golfo', 14);
INSERT INTO municipio (id_municipio, nombre_municipio, id_departamento) VALUES (121, ' Santa Rosa de Lima', 14);
INSERT INTO municipio (id_municipio, nombre_municipio, id_departamento) VALUES (122, ' Pasaquina', 14);
INSERT INTO municipio (id_municipio, nombre_municipio, id_departamento) VALUES (123, ' Anamoros', 14);
INSERT INTO municipio (id_municipio, nombre_municipio, id_departamento) VALUES (124, ' Nueva Esparta', 14);
INSERT INTO municipio (id_municipio, nombre_municipio, id_departamento) VALUES (125, ' El Sauce', 14);
INSERT INTO municipio (id_municipio, nombre_municipio, id_departamento) VALUES (126, ' Concepción de Oriente', 14);
INSERT INTO municipio (id_municipio, nombre_municipio, id_departamento) VALUES (127, ' Polorós', 14);
INSERT INTO municipio (id_municipio, nombre_municipio, id_departamento) VALUES (128, ' Lislique', 14);
INSERT INTO municipio (id_municipio, nombre_municipio, id_departamento) VALUES (129, ' Antiguo Cuscatlán', 4);
INSERT INTO municipio (id_municipio, nombre_municipio, id_departamento) VALUES (130, ' Chiltiupán', 4);
INSERT INTO municipio (id_municipio, nombre_municipio, id_departamento) VALUES (131, ' Ciudad Arce', 4);
INSERT INTO municipio (id_municipio, nombre_municipio, id_departamento) VALUES (132, ' Colón', 4);
INSERT INTO municipio (id_municipio, nombre_municipio, id_departamento) VALUES (133, ' Comasagua', 4);
INSERT INTO municipio (id_municipio, nombre_municipio, id_departamento) VALUES (134, ' Huizúcar', 4);
INSERT INTO municipio (id_municipio, nombre_municipio, id_departamento) VALUES (135, ' Jayaque', 4);
INSERT INTO municipio (id_municipio, nombre_municipio, id_departamento) VALUES (136, ' Jicalapa', 4);
INSERT INTO municipio (id_municipio, nombre_municipio, id_departamento) VALUES (137, ' La Libertad', 4);
INSERT INTO municipio (id_municipio, nombre_municipio, id_departamento) VALUES (138, ' Santa Tecla', 4);
INSERT INTO municipio (id_municipio, nombre_municipio, id_departamento) VALUES (139, ' Nuevo Cuscatlán', 4);
INSERT INTO municipio (id_municipio, nombre_municipio, id_departamento) VALUES (140, ' San Juan Opico', 4);
INSERT INTO municipio (id_municipio, nombre_municipio, id_departamento) VALUES (141, ' Quezaltepeque', 4);
INSERT INTO municipio (id_municipio, nombre_municipio, id_departamento) VALUES (142, ' Sacacoyo', 4);
INSERT INTO municipio (id_municipio, nombre_municipio, id_departamento) VALUES (143, ' San José Villanueva', 4);
INSERT INTO municipio (id_municipio, nombre_municipio, id_departamento) VALUES (144, ' San Matías', 4);
INSERT INTO municipio (id_municipio, nombre_municipio, id_departamento) VALUES (145, ' San Pablo Tacachico', 4);
INSERT INTO municipio (id_municipio, nombre_municipio, id_departamento) VALUES (146, ' Talnique', 4);
INSERT INTO municipio (id_municipio, nombre_municipio, id_departamento) VALUES (147, ' Tamanique', 4);
INSERT INTO municipio (id_municipio, nombre_municipio, id_departamento) VALUES (148, ' Teotepeque', 4);
INSERT INTO municipio (id_municipio, nombre_municipio, id_departamento) VALUES (149, ' Tepecoyo', 4);
INSERT INTO municipio (id_municipio, nombre_municipio, id_departamento) VALUES (150, ' Zaragoza', 4);
INSERT INTO municipio (id_municipio, nombre_municipio, id_departamento) VALUES (151, ' Agua Caliente', 5);
INSERT INTO municipio (id_municipio, nombre_municipio, id_departamento) VALUES (152, ' Arcatao', 5);
INSERT INTO municipio (id_municipio, nombre_municipio, id_departamento) VALUES (153, ' Azacualpa', 5);
INSERT INTO municipio (id_municipio, nombre_municipio, id_departamento) VALUES (154, ' Cancasque', 5);
INSERT INTO municipio (id_municipio, nombre_municipio, id_departamento) VALUES (155, ' Chalatenango', 5);
INSERT INTO municipio (id_municipio, nombre_municipio, id_departamento) VALUES (156, ' Citalá', 5);
INSERT INTO municipio (id_municipio, nombre_municipio, id_departamento) VALUES (157, ' Comapala', 5);
INSERT INTO municipio (id_municipio, nombre_municipio, id_departamento) VALUES (158, ' Concepción Quezaltepeque', 5);
INSERT INTO municipio (id_municipio, nombre_municipio, id_departamento) VALUES (159, ' Dulce Nombre de María', 5);
INSERT INTO municipio (id_municipio, nombre_municipio, id_departamento) VALUES (160, ' El Carrizal', 5);
INSERT INTO municipio (id_municipio, nombre_municipio, id_departamento) VALUES (161, ' El Paraíso', 5);
INSERT INTO municipio (id_municipio, nombre_municipio, id_departamento) VALUES (162, ' La Laguna', 5);
INSERT INTO municipio (id_municipio, nombre_municipio, id_departamento) VALUES (163, ' La Palma', 5);
INSERT INTO municipio (id_municipio, nombre_municipio, id_departamento) VALUES (164, ' La Reina', 5);
INSERT INTO municipio (id_municipio, nombre_municipio, id_departamento) VALUES (165, ' Las Vueltas', 5);
INSERT INTO municipio (id_municipio, nombre_municipio, id_departamento) VALUES (166, ' Nueva Concepción', 5);
INSERT INTO municipio (id_municipio, nombre_municipio, id_departamento) VALUES (167, ' Nueva Trinidad', 5);
INSERT INTO municipio (id_municipio, nombre_municipio, id_departamento) VALUES (168, ' Nombre de Jesús', 5);
INSERT INTO municipio (id_municipio, nombre_municipio, id_departamento) VALUES (169, ' Ojos de Agua', 5);
INSERT INTO municipio (id_municipio, nombre_municipio, id_departamento) VALUES (170, ' Potonico', 5);
INSERT INTO municipio (id_municipio, nombre_municipio, id_departamento) VALUES (171, ' San Antonio de la Cruz', 5);
INSERT INTO municipio (id_municipio, nombre_municipio, id_departamento) VALUES (172, ' San Antonio Los Ranchos', 5);
INSERT INTO municipio (id_municipio, nombre_municipio, id_departamento) VALUES (173, ' San Fernando Chalatenango', 5);
INSERT INTO municipio (id_municipio, nombre_municipio, id_departamento) VALUES (174, ' San Francisco Lempa', 5);
INSERT INTO municipio (id_municipio, nombre_municipio, id_departamento) VALUES (175, ' San Francisco Morazán', 5);
INSERT INTO municipio (id_municipio, nombre_municipio, id_departamento) VALUES (176, ' San Ignacio', 5);
INSERT INTO municipio (id_municipio, nombre_municipio, id_departamento) VALUES (177, ' San Isidro Labrador', 5);
INSERT INTO municipio (id_municipio, nombre_municipio, id_departamento) VALUES (178, ' Las Flores', 5);
INSERT INTO municipio (id_municipio, nombre_municipio, id_departamento) VALUES (179, ' San Luis del Carmen', 5);
INSERT INTO municipio (id_municipio, nombre_municipio, id_departamento) VALUES (180, ' San Miguel de Mercedes', 5);
INSERT INTO municipio (id_municipio, nombre_municipio, id_departamento) VALUES (181, ' San Rafael', 5);
INSERT INTO municipio (id_municipio, nombre_municipio, id_departamento) VALUES (182, ' Santa Rita', 5);
INSERT INTO municipio (id_municipio, nombre_municipio, id_departamento) VALUES (183, ' Tejutla', 5);
INSERT INTO municipio (id_municipio, nombre_municipio, id_departamento) VALUES (184, ' Cojutepeque', 7);
INSERT INTO municipio (id_municipio, nombre_municipio, id_departamento) VALUES (185, ' Candelaria', 7);
INSERT INTO municipio (id_municipio, nombre_municipio, id_departamento) VALUES (186, ' El Carmen Cuscatlán', 7);
INSERT INTO municipio (id_municipio, nombre_municipio, id_departamento) VALUES (187, ' El Rosario Cuscatlán', 7);
INSERT INTO municipio (id_municipio, nombre_municipio, id_departamento) VALUES (188, ' Monte San Juan', 7);
INSERT INTO municipio (id_municipio, nombre_municipio, id_departamento) VALUES (189, ' Oratorio de Concepción', 7);
INSERT INTO municipio (id_municipio, nombre_municipio, id_departamento) VALUES (190, ' San Bartolomé Perulapía', 7);
INSERT INTO municipio (id_municipio, nombre_municipio, id_departamento) VALUES (191, ' San Cristóbal', 7);
INSERT INTO municipio (id_municipio, nombre_municipio, id_departamento) VALUES (192, ' San José Guayabal', 7);
INSERT INTO municipio (id_municipio, nombre_municipio, id_departamento) VALUES (193, ' San Pedro Perulapán', 7);
INSERT INTO municipio (id_municipio, nombre_municipio, id_departamento) VALUES (194, ' San Rafael Cedros', 7);
INSERT INTO municipio (id_municipio, nombre_municipio, id_departamento) VALUES (195, ' San Ramón', 7);
INSERT INTO municipio (id_municipio, nombre_municipio, id_departamento) VALUES (196, ' Santa Cruz Analquito', 7);
INSERT INTO municipio (id_municipio, nombre_municipio, id_departamento) VALUES (197, ' Santa Cruz Michapa', 7);
INSERT INTO municipio (id_municipio, nombre_municipio, id_departamento) VALUES (198, ' Suchitoto', 7);
INSERT INTO municipio (id_municipio, nombre_municipio, id_departamento) VALUES (199, ' Tenancingo', 7);
INSERT INTO municipio (id_municipio, nombre_municipio, id_departamento) VALUES (200, ' Aguilares', 6);
INSERT INTO municipio (id_municipio, nombre_municipio, id_departamento) VALUES (201, ' Apopa', 6);
INSERT INTO municipio (id_municipio, nombre_municipio, id_departamento) VALUES (202, ' Ayutuxtepeque', 6);
INSERT INTO municipio (id_municipio, nombre_municipio, id_departamento) VALUES (203, ' Cuscatancingo', 6);
INSERT INTO municipio (id_municipio, nombre_municipio, id_departamento) VALUES (204, ' Ciudad Delgado', 6);
INSERT INTO municipio (id_municipio, nombre_municipio, id_departamento) VALUES (205, ' El Paisnal', 6);
INSERT INTO municipio (id_municipio, nombre_municipio, id_departamento) VALUES (206, ' Guazapa', 6);
INSERT INTO municipio (id_municipio, nombre_municipio, id_departamento) VALUES (207, ' Ilopango', 6);
INSERT INTO municipio (id_municipio, nombre_municipio, id_departamento) VALUES (208, ' Mejicanos', 6);
INSERT INTO municipio (id_municipio, nombre_municipio, id_departamento) VALUES (209, ' Nejapa', 6);
INSERT INTO municipio (id_municipio, nombre_municipio, id_departamento) VALUES (210, ' Panchimalco', 6);
INSERT INTO municipio (id_municipio, nombre_municipio, id_departamento) VALUES (211, ' Rosario de Mora', 6);
INSERT INTO municipio (id_municipio, nombre_municipio, id_departamento) VALUES (212, ' San Marcos', 6);
INSERT INTO municipio (id_municipio, nombre_municipio, id_departamento) VALUES (213, ' San Martín', 6);
INSERT INTO municipio (id_municipio, nombre_municipio, id_departamento) VALUES (214, ' San Salvador', 6);
INSERT INTO municipio (id_municipio, nombre_municipio, id_departamento) VALUES (215, ' Santiago Texacuangos', 6);
INSERT INTO municipio (id_municipio, nombre_municipio, id_departamento) VALUES (216, ' Santo Tomás', 6);
INSERT INTO municipio (id_municipio, nombre_municipio, id_departamento) VALUES (217, ' Soyapango', 6);
INSERT INTO municipio (id_municipio, nombre_municipio, id_departamento) VALUES (218, ' Tonacatepeque', 6);
INSERT INTO municipio (id_municipio, nombre_municipio, id_departamento) VALUES (219, ' Zacatecoluca', 8);
INSERT INTO municipio (id_municipio, nombre_municipio, id_departamento) VALUES (220, ' Cuyultitán', 8);
INSERT INTO municipio (id_municipio, nombre_municipio, id_departamento) VALUES (221, ' El Rosario La Paz', 8);
INSERT INTO municipio (id_municipio, nombre_municipio, id_departamento) VALUES (222, ' Jerusalén', 8);
INSERT INTO municipio (id_municipio, nombre_municipio, id_departamento) VALUES (223, ' Mercedes La Ceiba', 8);
INSERT INTO municipio (id_municipio, nombre_municipio, id_departamento) VALUES (224, ' Olocuilta', 8);
INSERT INTO municipio (id_municipio, nombre_municipio, id_departamento) VALUES (225, ' Paraíso de Osorio', 8);
INSERT INTO municipio (id_municipio, nombre_municipio, id_departamento) VALUES (226, ' San Antonio Masahuat', 8);
INSERT INTO municipio (id_municipio, nombre_municipio, id_departamento) VALUES (227, ' San Emigdio', 8);
INSERT INTO municipio (id_municipio, nombre_municipio, id_departamento) VALUES (228, ' San Francisco Chinameca', 8);
INSERT INTO municipio (id_municipio, nombre_municipio, id_departamento) VALUES (229, ' San Pedro Masahuat', 8);
INSERT INTO municipio (id_municipio, nombre_municipio, id_departamento) VALUES (230, ' San Juan Nonualco', 8);
INSERT INTO municipio (id_municipio, nombre_municipio, id_departamento) VALUES (231, ' San Juan Talpa', 8);
INSERT INTO municipio (id_municipio, nombre_municipio, id_departamento) VALUES (232, ' San Juan Tepezontes', 8);
INSERT INTO municipio (id_municipio, nombre_municipio, id_departamento) VALUES (233, ' San Luis La Herradura', 8);
INSERT INTO municipio (id_municipio, nombre_municipio, id_departamento) VALUES (234, ' San Luis Talpa', 8);
INSERT INTO municipio (id_municipio, nombre_municipio, id_departamento) VALUES (235, ' San Miguel Tepezontes', 8);
INSERT INTO municipio (id_municipio, nombre_municipio, id_departamento) VALUES (236, ' San Pedro Nonualco', 8);
INSERT INTO municipio (id_municipio, nombre_municipio, id_departamento) VALUES (237, ' San Rafael Obrajuelo', 8);
INSERT INTO municipio (id_municipio, nombre_municipio, id_departamento) VALUES (238, ' Santa María Ostuma', 8);
INSERT INTO municipio (id_municipio, nombre_municipio, id_departamento) VALUES (239, ' Santiago Nonualco', 8);
INSERT INTO municipio (id_municipio, nombre_municipio, id_departamento) VALUES (240, ' Tapalhuaca', 8);
INSERT INTO municipio (id_municipio, nombre_municipio, id_departamento) VALUES (241, ' Cinquera', 9);
INSERT INTO municipio (id_municipio, nombre_municipio, id_departamento) VALUES (242, ' Dolores', 9);
INSERT INTO municipio (id_municipio, nombre_municipio, id_departamento) VALUES (243, ' Guacotecti', 9);
INSERT INTO municipio (id_municipio, nombre_municipio, id_departamento) VALUES (244, ' Ilobasco', 9);
INSERT INTO municipio (id_municipio, nombre_municipio, id_departamento) VALUES (245, ' Jutiapa', 9);
INSERT INTO municipio (id_municipio, nombre_municipio, id_departamento) VALUES (246, ' San Isidro Cabañas', 9);
INSERT INTO municipio (id_municipio, nombre_municipio, id_departamento) VALUES (247, ' Sensuntepeque', 9);
INSERT INTO municipio (id_municipio, nombre_municipio, id_departamento) VALUES (248, ' Tejutepeque', 9);
INSERT INTO municipio (id_municipio, nombre_municipio, id_departamento) VALUES (249, ' Victoria', 9);
INSERT INTO municipio (id_municipio, nombre_municipio, id_departamento) VALUES (250, ' Apastepeque', 10);
INSERT INTO municipio (id_municipio, nombre_municipio, id_departamento) VALUES (251, ' Guadalupe', 10);
INSERT INTO municipio (id_municipio, nombre_municipio, id_departamento) VALUES (252, ' San Cayetano Istepeque', 10);
INSERT INTO municipio (id_municipio, nombre_municipio, id_departamento) VALUES (253, ' San Esteban Catarina', 10);
INSERT INTO municipio (id_municipio, nombre_municipio, id_departamento) VALUES (254, ' San Ildefonso', 10);
INSERT INTO municipio (id_municipio, nombre_municipio, id_departamento) VALUES (255, ' San Lorenzo', 10);
INSERT INTO municipio (id_municipio, nombre_municipio, id_departamento) VALUES (256, ' San Sebastián', 10);
INSERT INTO municipio (id_municipio, nombre_municipio, id_departamento) VALUES (257, ' San Vicente', 10);
INSERT INTO municipio (id_municipio, nombre_municipio, id_departamento) VALUES (258, ' Santa Clara', 10);
INSERT INTO municipio (id_municipio, nombre_municipio, id_departamento) VALUES (259, ' Santo Domingo', 10);
INSERT INTO municipio (id_municipio, nombre_municipio, id_departamento) VALUES (260, ' Tecoluca', 10);
INSERT INTO municipio (id_municipio, nombre_municipio, id_departamento) VALUES (261, ' Tepetitán', 10);
INSERT INTO municipio (id_municipio, nombre_municipio, id_departamento) VALUES (262, ' Verapaz', 10);



INSERT INTO pais (id_pais, nombre_pais) VALUES (1, 'Afganistán');
INSERT INTO pais (id_pais, nombre_pais) VALUES (2, 'Albania');
INSERT INTO pais (id_pais, nombre_pais) VALUES (3, 'Alemania');
INSERT INTO pais (id_pais, nombre_pais) VALUES (4, 'Andorra');
INSERT INTO pais (id_pais, nombre_pais) VALUES (5, 'Angolaña');
INSERT INTO pais (id_pais, nombre_pais) VALUES (6, 'Antigua y Barbuda');
INSERT INTO pais (id_pais, nombre_pais) VALUES (7, 'Arabia Saudita');
INSERT INTO pais (id_pais, nombre_pais) VALUES (8, 'Argelia');
INSERT INTO pais (id_pais, nombre_pais) VALUES (9, 'Argentina');
INSERT INTO pais (id_pais, nombre_pais) VALUES (10, 'Armenia');
INSERT INTO pais (id_pais, nombre_pais) VALUES (11, 'Australia');
INSERT INTO pais (id_pais, nombre_pais) VALUES (12, 'Austria');
INSERT INTO pais (id_pais, nombre_pais) VALUES (13, 'Azerbaiyán');
INSERT INTO pais (id_pais, nombre_pais) VALUES (14, 'Bahamasña');
INSERT INTO pais (id_pais, nombre_pais) VALUES (15, 'Bangladésí');
INSERT INTO pais (id_pais, nombre_pais) VALUES (16, 'Barbados');
INSERT INTO pais (id_pais, nombre_pais) VALUES (17, 'Baréiní');
INSERT INTO pais (id_pais, nombre_pais) VALUES (18, 'Bélgica');
INSERT INTO pais (id_pais, nombre_pais) VALUES (19, 'Beliceña');
INSERT INTO pais (id_pais, nombre_pais) VALUES (20, 'Benínésa');
INSERT INTO pais (id_pais, nombre_pais) VALUES (21, 'Bielorrusia');
INSERT INTO pais (id_pais, nombre_pais) VALUES (22, 'Birmania');
INSERT INTO pais (id_pais, nombre_pais) VALUES (23, 'Bolivia');
INSERT INTO pais (id_pais, nombre_pais) VALUES (24, 'Bosnia y Herzegovina');
INSERT INTO pais (id_pais, nombre_pais) VALUES (25, 'Botsuana');
INSERT INTO pais (id_pais, nombre_pais) VALUES (26, 'Brasilña');
INSERT INTO pais (id_pais, nombre_pais) VALUES (27, 'Brunéi');
INSERT INTO pais (id_pais, nombre_pais) VALUES (28, 'Bulgariaúlgara');
INSERT INTO pais (id_pais, nombre_pais) VALUES (29, 'Burkina Fasoés');
INSERT INTO pais (id_pais, nombre_pais) VALUES (30, 'Burundi');
INSERT INTO pais (id_pais, nombre_pais) VALUES (31, 'Bután');
INSERT INTO pais (id_pais, nombre_pais) VALUES (32, 'Cabo Verde');
INSERT INTO pais (id_pais, nombre_pais) VALUES (33, 'Camboya');
INSERT INTO pais (id_pais, nombre_pais) VALUES (34, 'Camerún');
INSERT INTO pais (id_pais, nombre_pais) VALUES (35, 'Canadá');
INSERT INTO pais (id_pais, nombre_pais) VALUES (36, 'Catarí');
INSERT INTO pais (id_pais, nombre_pais) VALUES (37, 'Chad');
INSERT INTO pais (id_pais, nombre_pais) VALUES (38, 'Chile');
INSERT INTO pais (id_pais, nombre_pais) VALUES (39, 'China');
INSERT INTO pais (id_pais, nombre_pais) VALUES (40, 'Chipre');
INSERT INTO pais (id_pais, nombre_pais) VALUES (41, 'Ciudad del Vaticano');
INSERT INTO pais (id_pais, nombre_pais) VALUES (42, 'Colombia');
INSERT INTO pais (id_pais, nombre_pais) VALUES (43, 'Comoras');
INSERT INTO pais (id_pais, nombre_pais) VALUES (44, 'Corea del Norte');
INSERT INTO pais (id_pais, nombre_pais) VALUES (45, 'Corea del Sur');
INSERT INTO pais (id_pais, nombre_pais) VALUES (46, 'Costa de Marfilña');
INSERT INTO pais (id_pais, nombre_pais) VALUES (47, 'Costa Rica');
INSERT INTO pais (id_pais, nombre_pais) VALUES (48, 'Croacia');
INSERT INTO pais (id_pais, nombre_pais) VALUES (49, 'Cuba');
INSERT INTO pais (id_pais, nombre_pais) VALUES (50, 'Dinamarca');
INSERT INTO pais (id_pais, nombre_pais) VALUES (51, 'Dominicaés');
INSERT INTO pais (id_pais, nombre_pais) VALUES (52, 'Ecuador');
INSERT INTO pais (id_pais, nombre_pais) VALUES (53, 'Egipto');
INSERT INTO pais (id_pais, nombre_pais) VALUES (54, 'El Salvador');
INSERT INTO pais (id_pais, nombre_pais) VALUES (55, 'Emiratos Árabes Unidosí');
INSERT INTO pais (id_pais, nombre_pais) VALUES (56, 'Eritrea');
INSERT INTO pais (id_pais, nombre_pais) VALUES (57, 'Eslovaquia');
INSERT INTO pais (id_pais, nombre_pais) VALUES (58, 'Eslovenia');
INSERT INTO pais (id_pais, nombre_pais) VALUES (59, 'Españañola');
INSERT INTO pais (id_pais, nombre_pais) VALUES (60, 'Estados Unidos');
INSERT INTO pais (id_pais, nombre_pais) VALUES (61, 'Estonia');
INSERT INTO pais (id_pais, nombre_pais) VALUES (62, 'Etiopíaíope');
INSERT INTO pais (id_pais, nombre_pais) VALUES (63, 'Filipinas');
INSERT INTO pais (id_pais, nombre_pais) VALUES (64, 'Finlandia');
INSERT INTO pais (id_pais, nombre_pais) VALUES (65, 'Fiyi');
INSERT INTO pais (id_pais, nombre_pais) VALUES (66, 'Francia');
INSERT INTO pais (id_pais, nombre_pais) VALUES (67, 'Gabón');
INSERT INTO pais (id_pais, nombre_pais) VALUES (68, 'Gambia');
INSERT INTO pais (id_pais, nombre_pais) VALUES (69, 'Georgia');
INSERT INTO pais (id_pais, nombre_pais) VALUES (70, 'Ghana');
INSERT INTO pais (id_pais, nombre_pais) VALUES (71, 'Granada');
INSERT INTO pais (id_pais, nombre_pais) VALUES (72, 'Grecia');
INSERT INTO pais (id_pais, nombre_pais) VALUES (73, 'Guatemala');
INSERT INTO pais (id_pais, nombre_pais) VALUES (74, 'Guinea ecuatorial');
INSERT INTO pais (id_pais, nombre_pais) VALUES (75, 'Guinea');
INSERT INTO pais (id_pais, nombre_pais) VALUES (76, 'Guinea-Bisáu');
INSERT INTO pais (id_pais, nombre_pais) VALUES (77, 'Guyana');
INSERT INTO pais (id_pais, nombre_pais) VALUES (78, 'Haití');
INSERT INTO pais (id_pais, nombre_pais) VALUES (79, 'Hondurasña');
INSERT INTO pais (id_pais, nombre_pais) VALUES (80, 'Hungríaúngara');
INSERT INTO pais (id_pais, nombre_pais) VALUES (81, 'Indiaú');
INSERT INTO pais (id_pais, nombre_pais) VALUES (82, 'Indonesia');
INSERT INTO pais (id_pais, nombre_pais) VALUES (83, 'Irakí');
INSERT INTO pais (id_pais, nombre_pais) VALUES (84, 'Irání');
INSERT INTO pais (id_pais, nombre_pais) VALUES (85, 'Irlanda');
INSERT INTO pais (id_pais, nombre_pais) VALUES (86, 'Islandia');
INSERT INTO pais (id_pais, nombre_pais) VALUES (87, 'Islas Marshall');
INSERT INTO pais (id_pais, nombre_pais) VALUES (88, 'Islas Salomón');
INSERT INTO pais (id_pais, nombre_pais) VALUES (89, 'Israelí');
INSERT INTO pais (id_pais, nombre_pais) VALUES (90, 'Italia');
INSERT INTO pais (id_pais, nombre_pais) VALUES (91, 'Jamaica');
INSERT INTO pais (id_pais, nombre_pais) VALUES (92, 'Japón');
INSERT INTO pais (id_pais, nombre_pais) VALUES (93, 'Jordania');
INSERT INTO pais (id_pais, nombre_pais) VALUES (94, 'Kazajistán');
INSERT INTO pais (id_pais, nombre_pais) VALUES (95, 'Kenia');
INSERT INTO pais (id_pais, nombre_pais) VALUES (96, 'Kirguistánís');
INSERT INTO pais (id_pais, nombre_pais) VALUES (97, 'Kiribati');
INSERT INTO pais (id_pais, nombre_pais) VALUES (98, 'Kuwaití');
INSERT INTO pais (id_pais, nombre_pais) VALUES (99, 'Laos');
INSERT INTO pais (id_pais, nombre_pais) VALUES (100, 'Lesoto');
INSERT INTO pais (id_pais, nombre_pais) VALUES (101, 'Letonia');
INSERT INTO pais (id_pais, nombre_pais) VALUES (102, 'Líbano');
INSERT INTO pais (id_pais, nombre_pais) VALUES (103, 'Liberia');
INSERT INTO pais (id_pais, nombre_pais) VALUES (104, 'Libia');
INSERT INTO pais (id_pais, nombre_pais) VALUES (105, 'Liechtenstein');
INSERT INTO pais (id_pais, nombre_pais) VALUES (106, 'Lituania');
INSERT INTO pais (id_pais, nombre_pais) VALUES (107, 'Luxemburgo');
INSERT INTO pais (id_pais, nombre_pais) VALUES (108, 'Madagascar');
INSERT INTO pais (id_pais, nombre_pais) VALUES (109, 'Malasia');
INSERT INTO pais (id_pais, nombre_pais) VALUES (110, 'Malauií');
INSERT INTO pais (id_pais, nombre_pais) VALUES (111, 'Maldivas');
INSERT INTO pais (id_pais, nombre_pais) VALUES (112, 'Malí');
INSERT INTO pais (id_pais, nombre_pais) VALUES (113, 'Malta');
INSERT INTO pais (id_pais, nombre_pais) VALUES (114, 'Marruecosí');
INSERT INTO pais (id_pais, nombre_pais) VALUES (115, 'Mauricio');
INSERT INTO pais (id_pais, nombre_pais) VALUES (116, 'Mauritania');
INSERT INTO pais (id_pais, nombre_pais) VALUES (117, 'México');
INSERT INTO pais (id_pais, nombre_pais) VALUES (118, 'Micronesia');
INSERT INTO pais (id_pais, nombre_pais) VALUES (119, 'Moldavia');
INSERT INTO pais (id_pais, nombre_pais) VALUES (120, 'Mónaco');
INSERT INTO pais (id_pais, nombre_pais) VALUES (121, 'Mongolia');
INSERT INTO pais (id_pais, nombre_pais) VALUES (122, 'Montenegro');
INSERT INTO pais (id_pais, nombre_pais) VALUES (123, 'Mozambiqueña');
INSERT INTO pais (id_pais, nombre_pais) VALUES (124, 'Namibia');
INSERT INTO pais (id_pais, nombre_pais) VALUES (125, 'Nauru');
INSERT INTO pais (id_pais, nombre_pais) VALUES (126, 'Nepalí');
INSERT INTO pais (id_pais, nombre_pais) VALUES (127, 'Nicaraguaüense');
INSERT INTO pais (id_pais, nombre_pais) VALUES (128, 'Níger');
INSERT INTO pais (id_pais, nombre_pais) VALUES (129, 'Nigeria');
INSERT INTO pais (id_pais, nombre_pais) VALUES (130, 'Noruega');
INSERT INTO pais (id_pais, nombre_pais) VALUES (131, 'Nueva Zelanda');
INSERT INTO pais (id_pais, nombre_pais) VALUES (132, 'Omání');
INSERT INTO pais (id_pais, nombre_pais) VALUES (133, 'Países Bajos');
INSERT INTO pais (id_pais, nombre_pais) VALUES (134, 'Pakistání');
INSERT INTO pais (id_pais, nombre_pais) VALUES (135, 'Palaos');
INSERT INTO pais (id_pais, nombre_pais) VALUES (136, 'Panamáña');
INSERT INTO pais (id_pais, nombre_pais) VALUES (137, 'Papúa Nueva Guineaú');
INSERT INTO pais (id_pais, nombre_pais) VALUES (138, 'Paraguay');
INSERT INTO pais (id_pais, nombre_pais) VALUES (139, 'Perú');
INSERT INTO pais (id_pais, nombre_pais) VALUES (140, 'Polonia');
INSERT INTO pais (id_pais, nombre_pais) VALUES (141, 'Portugal');
INSERT INTO pais (id_pais, nombre_pais) VALUES (142, 'Reino Unidoánica');
INSERT INTO pais (id_pais, nombre_pais) VALUES (143, 'República Centroafricana');
INSERT INTO pais (id_pais, nombre_pais) VALUES (144, 'República Checa');
INSERT INTO pais (id_pais, nombre_pais) VALUES (145, 'República de Macedonia');
INSERT INTO pais (id_pais, nombre_pais) VALUES (146, 'República del Congoña');
INSERT INTO pais (id_pais, nombre_pais) VALUES (147, 'República Democrática del Congoña');
INSERT INTO pais (id_pais, nombre_pais) VALUES (148, 'República Dominicana');
INSERT INTO pais (id_pais, nombre_pais) VALUES (149, 'República Sudafricana');
INSERT INTO pais (id_pais, nombre_pais) VALUES (150, 'Ruanda');
INSERT INTO pais (id_pais, nombre_pais) VALUES (151, 'Rumanía');
INSERT INTO pais (id_pais, nombre_pais) VALUES (152, 'Rusia');
INSERT INTO pais (id_pais, nombre_pais) VALUES (153, 'Samoa');
INSERT INTO pais (id_pais, nombre_pais) VALUES (154, 'San Cristóbal y Nievesña');
INSERT INTO pais (id_pais, nombre_pais) VALUES (155, 'San Marino');
INSERT INTO pais (id_pais, nombre_pais) VALUES (156, 'San Vicente y las Granadinas');
INSERT INTO pais (id_pais, nombre_pais) VALUES (157, 'Santa Lucía');
INSERT INTO pais (id_pais, nombre_pais) VALUES (158, 'Santo Tomé y Príncipe');
INSERT INTO pais (id_pais, nombre_pais) VALUES (159, 'Senegal');
INSERT INTO pais (id_pais, nombre_pais) VALUES (160, 'Serbia');
INSERT INTO pais (id_pais, nombre_pais) VALUES (161, 'Seychelles');
INSERT INTO pais (id_pais, nombre_pais) VALUES (162, 'Sierra Leona');
INSERT INTO pais (id_pais, nombre_pais) VALUES (163, 'Singapur');
INSERT INTO pais (id_pais, nombre_pais) VALUES (164, 'Siria');
INSERT INTO pais (id_pais, nombre_pais) VALUES (165, 'Somaliaí');
INSERT INTO pais (id_pais, nombre_pais) VALUES (166, 'Sri Lankaés');
INSERT INTO pais (id_pais, nombre_pais) VALUES (167, 'Suazilandia');
INSERT INTO pais (id_pais, nombre_pais) VALUES (168, 'Sudán del Sur');
INSERT INTO pais (id_pais, nombre_pais) VALUES (169, 'Sudán');
INSERT INTO pais (id_pais, nombre_pais) VALUES (170, 'Suecia');
INSERT INTO pais (id_pais, nombre_pais) VALUES (171, 'Suiza');
INSERT INTO pais (id_pais, nombre_pais) VALUES (172, 'Surinam');
INSERT INTO pais (id_pais, nombre_pais) VALUES (173, 'Tailandia');
INSERT INTO pais (id_pais, nombre_pais) VALUES (174, 'Tanzania');
INSERT INTO pais (id_pais, nombre_pais) VALUES (175, 'Tayikistán');
INSERT INTO pais (id_pais, nombre_pais) VALUES (176, 'Timor Oriental');
INSERT INTO pais (id_pais, nombre_pais) VALUES (177, 'Togo');
INSERT INTO pais (id_pais, nombre_pais) VALUES (178, 'Tonga');
INSERT INTO pais (id_pais, nombre_pais) VALUES (179, 'Trinidad y Tobago');
INSERT INTO pais (id_pais, nombre_pais) VALUES (180, 'Túnez');
INSERT INTO pais (id_pais, nombre_pais) VALUES (181, 'Turkmenistán');
INSERT INTO pais (id_pais, nombre_pais) VALUES (182, 'Turquía');
INSERT INTO pais (id_pais, nombre_pais) VALUES (183, 'Tuvalu');
INSERT INTO pais (id_pais, nombre_pais) VALUES (184, 'Ucrania');
INSERT INTO pais (id_pais, nombre_pais) VALUES (185, 'Uganda');
INSERT INTO pais (id_pais, nombre_pais) VALUES (186, 'Uruguay');
INSERT INTO pais (id_pais, nombre_pais) VALUES (187, 'Uzbekistán');
INSERT INTO pais (id_pais, nombre_pais) VALUES (188, 'Vanuatu');
INSERT INTO pais (id_pais, nombre_pais) VALUES (189, 'Venezuela');
INSERT INTO pais (id_pais, nombre_pais) VALUES (190, 'Vietnam');
INSERT INTO pais (id_pais, nombre_pais) VALUES (191, 'Yemení');
INSERT INTO pais (id_pais, nombre_pais) VALUES (192, 'Yibuti');
INSERT INTO pais (id_pais, nombre_pais) VALUES (193, 'Zambia');
INSERT INTO pais (id_pais, nombre_pais) VALUES (194, 'Zimbabue');



INSERT INTO genero(id_genero, nombre_genero, activo_genero) VALUES (1, 'Masculino', 1);
INSERT INTO genero(id_genero, nombre_genero, activo_genero) VALUES (2, 'Femenino', 1);
INSERT INTO genero(id_genero, nombre_genero, activo_genero) VALUES (3, 'Otro', 1);
INSERT INTO genero(id_genero, nombre_genero, activo_genero) VALUES (4, 'Inactivo', 0);



INSERT INTO estado_civil(id_estado_c, nombre_estado_c, activo_estado_c)  VALUES(1, 'Soltero', 1);
INSERT INTO estado_civil(id_estado_c, nombre_estado_c, activo_estado_c)  VALUES(2, 'Casado', 1);
INSERT INTO estado_civil(id_estado_c, nombre_estado_c, activo_estado_c)  VALUES(3, 'Divorciado', 1);
INSERT INTO estado_civil(id_estado_c, nombre_estado_c, activo_estado_c)  VALUES(4, 'Viudo', 1);
INSERT INTO estado_civil(id_estado_c, nombre_estado_c, activo_estado_c)  VALUES(5, 'Inactivo', 0);



INSERT INTO especialidad(id_especialidad, nombre_especialidad, activo_especialidad) VALUES(1, 'General', 1);
INSERT INTO especialidad(id_especialidad, nombre_especialidad, activo_especialidad) VALUES(2, 'Cirujano', 1);
INSERT INTO especialidad(id_especialidad, nombre_especialidad, activo_especialidad) VALUES(3, 'Oftalmologo', 1);
INSERT INTO especialidad(id_especialidad, nombre_especialidad, activo_especialidad) VALUES(4, 'Inactivo', 0);



INSERT INTO hospital(id_hospital, id_municipio, id_pais, nombre_hospital, fecha_registro, telefono_hospital, detalle_dir_hos, aprobado_hospital, activo_hospital) VALUES (1, 214, 54, 'Hospital Aprobado Activo 1', '01-01-2019', '2216-1212', 'Entre avenida tal y Calle tal, Edificio # tal', 1, 1);
INSERT INTO hospital(id_hospital, id_municipio, id_pais, nombre_hospital, fecha_registro, telefono_hospital, detalle_dir_hos, aprobado_hospital, activo_hospital) VALUES (2, 81, 54, 'Hospital Aprobado Activo 2', '01-01-2019', '2216-1212', 'Entre avenida tal y Calle tal, Edificio # tal', 1, 1);
INSERT INTO hospital(id_hospital, id_municipio, id_pais, nombre_hospital, fecha_registro, telefono_hospital, detalle_dir_hos, aprobado_hospital, activo_hospital) VALUES (3, null, 60, 'Hospital Pendiente Activo 3', '01-01-2019', '2216-1212', 'Entre avenida tal y Calle tal, Edificio # tal', null, 1);
INSERT INTO hospital(id_hospital, id_municipio, id_pais, nombre_hospital, fecha_registro, telefono_hospital, detalle_dir_hos, aprobado_hospital, activo_hospital) VALUES (4, 214, 54, 'Hospital Denegado Activo 4', '01-01-2019', '2216-1212', 'Entre avenida tal y Calle tal, Edificio # tal', 0, 1);
INSERT INTO hospital(id_hospital, id_municipio, id_pais, nombre_hospital, fecha_registro, telefono_hospital, detalle_dir_hos, aprobado_hospital, activo_hospital) VALUES (5, 214, 54, 'Hospital Aprobado Inactivo 5', '01-01-2019', '2216-1212', 'Entre avenida tal y Calle tal, Edificio # tal', 1, 0);



INSERT INTO rol(id_rol, nombre_rol)  VALUES(1, 'ROLE_AdminGen');
INSERT INTO rol(id_rol, nombre_rol)  VALUES(2, 'ROLE_AdminHosp');
INSERT INTO rol(id_rol, nombre_rol)  VALUES(3, 'ROLE_Medico');
INSERT INTO rol(id_rol, nombre_rol)  VALUES(4, 'ROLE_Enfermero');
INSERT INTO rol(id_rol, nombre_rol)  VALUES(5, 'ROLE_Recepcionista');
INSERT INTO rol(id_rol, nombre_rol)  VALUES(6, 'ROLE_Paciente');



INSERT INTO usuario(id_usuario, id_hospital, id_pais, id_municipio, id_genero, id_estado_c, username, password, enabled, nombres_usuario, apellidos_usuario, fecha_nac_usuario, detalle_dir_usuario, email_usuario, telefono_usuario) VALUES(1, 1, 54, 214, 1, 1, 'adm_hos1', '$2a$10$b7MUqX4ku/aEK7tgLMMLcOgYDUY.2UW2DwpMk5aDlRI7kRWdJ7Gm.', 1, 'Administrador', 'Hospital1', '01-01-1970', 'Detalle Direccion', 'email1@email.com', '7272-1212');
INSERT INTO users_authorities(id_usuario, id_rol) VALUES(1, 2);
INSERT INTO usuario(id_usuario, id_hospital, id_pais, id_municipio, id_genero, id_estado_c, username, password, enabled, nombres_usuario, apellidos_usuario, fecha_nac_usuario, detalle_dir_usuario, email_usuario, telefono_usuario) VALUES(2, 2, 54, 214, 1, 1, 'adm_hos2', '$2a$10$b7MUqX4ku/aEK7tgLMMLcOgYDUY.2UW2DwpMk5aDlRI7kRWdJ7Gm.', 1, 'Administrador', 'Hospital2', '01-01-1970', 'Detalle Direccion', 'email2@email.com', '7272-1212');
INSERT INTO users_authorities(id_usuario, id_rol) VALUES(2, 2);
INSERT INTO usuario(id_usuario, id_hospital, id_pais, id_municipio, id_genero, id_estado_c, username, password, enabled, nombres_usuario, apellidos_usuario, fecha_nac_usuario, detalle_dir_usuario, email_usuario, telefono_usuario, id_especialidad) VALUES(3, 1, 54, 214, 1, 1, 'doc1_hos1', '$2a$10$b7MUqX4ku/aEK7tgLMMLcOgYDUY.2UW2DwpMk5aDlRI7kRWdJ7Gm.', 1, 'Doctor1', 'Hospital1', '01-01-1970', 'Detalle Direccion', 'email3@email.com', '7272-1212', 1);
INSERT INTO users_authorities(id_usuario, id_rol) VALUES(3, 3);
INSERT INTO usuario(id_usuario, id_hospital, id_pais, id_municipio, id_genero, id_estado_c, username, password, enabled, nombres_usuario, apellidos_usuario, fecha_nac_usuario, detalle_dir_usuario, email_usuario, telefono_usuario, id_especialidad) VALUES(4, 1, 54, 214, 1, 1, 'doc2_hos1', '$2a$10$b7MUqX4ku/aEK7tgLMMLcOgYDUY.2UW2DwpMk5aDlRI7kRWdJ7Gm.', 1, 'Doctor2', 'Hospital1', '01-01-1970', 'Detalle Direccion', 'email4@email.com', '7272-1212', 2);
INSERT INTO users_authorities(id_usuario, id_rol) VALUES(4, 3);
INSERT INTO usuario(id_usuario, id_hospital, id_pais, id_municipio, id_genero, id_estado_c, username, password, enabled, nombres_usuario, apellidos_usuario, fecha_nac_usuario, detalle_dir_usuario, email_usuario, telefono_usuario, id_especialidad) VALUES(5, 2, 54, 214, 1, 1, 'doc3_hos2', '$2a$10$b7MUqX4ku/aEK7tgLMMLcOgYDUY.2UW2DwpMk5aDlRI7kRWdJ7Gm.', 1, 'Doctor3', 'Hospital2', '01-01-1970', 'Detalle Direccion', 'email5@email.com', '7272-1212', 1);
INSERT INTO users_authorities(id_usuario, id_rol) VALUES(5, 3);
INSERT INTO usuario(id_usuario, id_hospital, id_pais, id_municipio, id_genero, id_estado_c, username, password, enabled, nombres_usuario, apellidos_usuario, fecha_nac_usuario, detalle_dir_usuario, email_usuario, telefono_usuario, id_especialidad) VALUES(6, 2, 54, 214, 1, 1, 'doc4_hos2', '$2a$10$b7MUqX4ku/aEK7tgLMMLcOgYDUY.2UW2DwpMk5aDlRI7kRWdJ7Gm.', 1, 'Doctor4', 'Hospital2', '01-01-1970', 'Detalle Direccion', 'email6@email.com', '7272-1212', 2);
INSERT INTO users_authorities(id_usuario, id_rol) VALUES(6, 3);
INSERT INTO usuario(id_usuario, id_hospital, id_pais, id_municipio, id_genero, id_estado_c, username, password, enabled, nombres_usuario, apellidos_usuario, fecha_nac_usuario, detalle_dir_usuario, email_usuario, telefono_usuario) VALUES(7, 1, 54, 214, 1, 1, 'rec_hos1', '$2a$10$b7MUqX4ku/aEK7tgLMMLcOgYDUY.2UW2DwpMk5aDlRI7kRWdJ7Gm.', 1, 'Recepcionista', 'Hospital1', '01-01-1970', 'Detalle Direccion', 'email7@email.com', '7272-1212');
INSERT INTO users_authorities(id_usuario, id_rol) VALUES(7, 5);
INSERT INTO usuario(id_usuario, id_hospital, id_pais, id_municipio, id_genero, id_estado_c, username, password, enabled, nombres_usuario, apellidos_usuario, fecha_nac_usuario, detalle_dir_usuario, email_usuario, telefono_usuario) VALUES(8, 2, 54, 214, 1, 1, 'rec_hos2', '$2a$10$b7MUqX4ku/aEK7tgLMMLcOgYDUY.2UW2DwpMk5aDlRI7kRWdJ7Gm.', 1, 'Recepcionista', 'Hospital2', '01-01-1970', 'Detalle Direccion', 'email8@email.com', '7272-1212');
INSERT INTO users_authorities(id_usuario, id_rol) VALUES(8, 5);
INSERT INTO usuario(id_usuario, id_hospital, id_pais, id_municipio, id_genero, id_estado_c, username, password, enabled, nombres_usuario, apellidos_usuario, fecha_nac_usuario, detalle_dir_usuario, email_usuario, telefono_usuario) VALUES(9, 1, 54, 214, 1, 1, 'enf_hos1', '$2a$10$b7MUqX4ku/aEK7tgLMMLcOgYDUY.2UW2DwpMk5aDlRI7kRWdJ7Gm.', 1, 'Enfermero', 'Hospital1', '01-01-1970', 'Detalle Direccion', 'email1@em9il.com', '7272-1212');
INSERT INTO users_authorities(id_usuario, id_rol) VALUES(9, 4);
INSERT INTO usuario(id_usuario, id_hospital, id_pais, id_municipio, id_genero, id_estado_c, username, password, enabled, nombres_usuario, apellidos_usuario, fecha_nac_usuario, detalle_dir_usuario, email_usuario, telefono_usuario) VALUES(10, 2, 54, 214, 1, 1, 'enf_hos2', '$2a$10$b7MUqX4ku/aEK7tgLMMLcOgYDUY.2UW2DwpMk5aDlRI7kRWdJ7Gm.', 1, 'Enfermero', 'Hospital2', '01-01-1970', 'Detalle Direccion', 'email2@e10ail.com', '7272-1212');
INSERT INTO users_authorities(id_usuario, id_rol) VALUES(10, 4);
INSERT INTO usuario(id_usuario, id_pais, id_municipio, id_genero, id_estado_c, username, password, enabled, nombres_usuario, apellidos_usuario, fecha_nac_usuario, detalle_dir_usuario, email_usuario, telefono_usuario) VALUES(11, 54, 214, 1, 1, 'adm_gen', '$2a$10$b7MUqX4ku/aEK7tgLMMLcOgYDUY.2UW2DwpMk5aDlRI7kRWdJ7Gm.', 1, 'Admin', 'General', '01-01-1970', 'Detalle Direccion', 'email11@email.com', '7272-1212');
INSERT INTO users_authorities(id_usuario, id_rol) VALUES(11, 1);

INSERT INTO usuario(id_usuario, id_hospital, id_pais, id_municipio, id_genero, id_estado_c, username, password, enabled, nombres_usuario, apellidos_usuario, fecha_nac_usuario, detalle_dir_usuario, email_usuario, telefono_usuario) VALUES(12, 1, 54, 214, 2, 1, 'pac1_hos1', '$2a$10$b7MUqX4ku/aEK7tgLMMLcOgYDUY.2UW2DwpMk5aDlRI7kRWdJ7Gm.', 1, 'Paciente1', 'Hospital1', '01-01-1970', 'Detalle Direccion', 'email12@email.com', '7272-1212');
INSERT INTO users_authorities(id_usuario, id_rol) VALUES(12, 6);
INSERT INTO usuario(id_usuario, id_hospital, id_pais, id_municipio, id_genero, id_estado_c, username, password, enabled, nombres_usuario, apellidos_usuario, fecha_nac_usuario, detalle_dir_usuario, email_usuario, telefono_usuario) VALUES(13, 1, 54, 214, 1, 1, 'pac2_hos1', '$2a$10$b7MUqX4ku/aEK7tgLMMLcOgYDUY.2UW2DwpMk5aDlRI7kRWdJ7Gm.', 1, 'Paciente2', 'Hospital1', '01-01-1970', 'Detalle Direccion', 'email13@email.com', '7272-1212');
INSERT INTO users_authorities(id_usuario, id_rol) VALUES(13, 6);
INSERT INTO usuario(id_usuario, id_hospital, id_pais, id_municipio, id_genero, id_estado_c, username, password, enabled, nombres_usuario, apellidos_usuario, fecha_nac_usuario, detalle_dir_usuario, email_usuario, telefono_usuario) VALUES(14, 2, 54, 214, 1, 1, 'pac1_hos2', '$2a$10$b7MUqX4ku/aEK7tgLMMLcOgYDUY.2UW2DwpMk5aDlRI7kRWdJ7Gm.', 1, 'Paciente1', 'Hospital2', '01-01-1970', 'Detalle Direccion', 'email14@email.com', '7272-1212');
INSERT INTO users_authorities(id_usuario, id_rol) VALUES(14, 6);
INSERT INTO usuario(id_usuario, id_hospital, id_pais, id_municipio, id_genero, id_estado_c, username, password, enabled, nombres_usuario, apellidos_usuario, fecha_nac_usuario, detalle_dir_usuario, email_usuario, telefono_usuario) VALUES(15, 2, 54, 214, 2, 1, 'pac2_hos2', '$2a$10$b7MUqX4ku/aEK7tgLMMLcOgYDUY.2UW2DwpMk5aDlRI7kRWdJ7Gm.', 1, 'Paciente2', 'Hospital2', '01-01-1970', 'Detalle Direccion', 'email15@email.com', '7272-1212');
INSERT INTO users_authorities(id_usuario, id_rol) VALUES(15, 6);

INSERT INTO tipo_enfermedad (id_tipo_enf, nombre_tipo_enf) VALUES (1, 'Alergias');
INSERT INTO tipo_enfermedad (id_tipo_enf, nombre_tipo_enf) VALUES (2, 'Enfermedades autoinmunes');
INSERT INTO tipo_enfermedad (id_tipo_enf, nombre_tipo_enf) VALUES (3, 'Enfermedades cardiovasculares');
INSERT INTO tipo_enfermedad (id_tipo_enf, nombre_tipo_enf) VALUES (4, 'Enfermedades de la mujer');
INSERT INTO tipo_enfermedad (id_tipo_enf, nombre_tipo_enf) VALUES (5, 'Enfermedades de la piel');
INSERT INTO tipo_enfermedad (id_tipo_enf, nombre_tipo_enf) VALUES (6, 'Enfermedades de la sangre');
INSERT INTO tipo_enfermedad (id_tipo_enf, nombre_tipo_enf) VALUES (7, 'Enfermedades de los ojos');
INSERT INTO tipo_enfermedad (id_tipo_enf, nombre_tipo_enf) VALUES (8, 'Enfermedades de transmisión sexual');
INSERT INTO tipo_enfermedad (id_tipo_enf, nombre_tipo_enf) VALUES (9, 'Enfermedades del riñón');
INSERT INTO tipo_enfermedad (id_tipo_enf, nombre_tipo_enf) VALUES (10, 'Enfermedades digestivas');
INSERT INTO tipo_enfermedad (id_tipo_enf, nombre_tipo_enf) VALUES (11, 'Enfermedades endocrinas');
INSERT INTO tipo_enfermedad (id_tipo_enf, nombre_tipo_enf) VALUES (12, 'Enfermedades genéticas');
INSERT INTO tipo_enfermedad (id_tipo_enf, nombre_tipo_enf) VALUES (13, 'Enfermedades infecciosas');
INSERT INTO tipo_enfermedad (id_tipo_enf, nombre_tipo_enf) VALUES (14, 'Enfermedades mentales');
INSERT INTO tipo_enfermedad (id_tipo_enf, nombre_tipo_enf) VALUES (15, 'Enfermedades neurológicas');
INSERT INTO tipo_enfermedad (id_tipo_enf, nombre_tipo_enf) VALUES (16, 'Enfermedades osteomusculares');
INSERT INTO tipo_enfermedad (id_tipo_enf, nombre_tipo_enf) VALUES (17, 'Enfermedades pediátricas');
INSERT INTO tipo_enfermedad (id_tipo_enf, nombre_tipo_enf) VALUES (18, 'Enfermedades raras');
INSERT INTO tipo_enfermedad (id_tipo_enf, nombre_tipo_enf) VALUES (19, 'Enfermedades respiratorias');
INSERT INTO tipo_enfermedad (id_tipo_enf, nombre_tipo_enf) VALUES (20, 'Enfermedades reumáticas');
INSERT INTO tipo_enfermedad (id_tipo_enf, nombre_tipo_enf) VALUES (21, 'Enfermedades urológicas');
INSERT INTO tipo_enfermedad (id_tipo_enf, nombre_tipo_enf) VALUES (22, 'Problemas del embarazo');
INSERT INTO tipo_enfermedad (id_tipo_enf, nombre_tipo_enf) VALUES (23, 'Problemas del oído');
INSERT INTO tipo_enfermedad (id_tipo_enf, nombre_tipo_enf) VALUES (24, 'Tipos de cáncer');
INSERT INTO tipo_enfermedad (id_tipo_enf, nombre_tipo_enf) VALUES (25, 'Urgencias médicas');

INSERT INTO enfermedad(id_enfermedad, id_tipo_enf, nombre_enfermedad) VALUES (1, 1, 'Alergia');
INSERT INTO enfermedad(id_enfermedad, id_tipo_enf, nombre_enfermedad) VALUES (2, 1, 'Alergia al niquel');
INSERT INTO enfermedad(id_enfermedad, id_tipo_enf, nombre_enfermedad) VALUES (3, 1, 'Alergia al sol');
INSERT INTO enfermedad(id_enfermedad, id_tipo_enf, nombre_enfermedad) VALUES (4, 1, 'Congestion nasal');
INSERT INTO enfermedad(id_enfermedad, id_tipo_enf, nombre_enfermedad) VALUES (5, 1, 'Intolerancia a la histamina');
INSERT INTO enfermedad(id_enfermedad, id_tipo_enf, nombre_enfermedad) VALUES (6, 1, 'Reacciones alergicas a medicamentos');
INSERT INTO enfermedad(id_enfermedad, id_tipo_enf, nombre_enfermedad) VALUES (7, 1, 'Rinitis');
INSERT INTO enfermedad(id_enfermedad, id_tipo_enf, nombre_enfermedad) VALUES (8, 1, 'Sensibilidad quimica multiple');
INSERT INTO enfermedad(id_enfermedad, id_tipo_enf, nombre_enfermedad) VALUES (9, 1, 'Sinusitis');
INSERT INTO enfermedad(id_enfermedad, id_tipo_enf, nombre_enfermedad) VALUES (10, 1, 'Urticaria');
INSERT INTO enfermedad(id_enfermedad, id_tipo_enf, nombre_enfermedad) VALUES (11, 2, 'Artritis reumatoide');
INSERT INTO enfermedad(id_enfermedad, id_tipo_enf, nombre_enfermedad) VALUES (12, 2, 'Celiaquia');
INSERT INTO enfermedad(id_enfermedad, id_tipo_enf, nombre_enfermedad) VALUES (13, 2, 'Colitis ulcerosa');
INSERT INTO enfermedad(id_enfermedad, id_tipo_enf, nombre_enfermedad) VALUES (14, 2, 'Enfermedad de Addison');
INSERT INTO enfermedad(id_enfermedad, id_tipo_enf, nombre_enfermedad) VALUES (15, 2, 'Enfermedad de Behcet');
INSERT INTO enfermedad(id_enfermedad, id_tipo_enf, nombre_enfermedad) VALUES (16, 2, 'Enfermedad de Crohn');
INSERT INTO enfermedad(id_enfermedad, id_tipo_enf, nombre_enfermedad) VALUES (17, 2, 'Enfermedad de Kawasaki');
INSERT INTO enfermedad(id_enfermedad, id_tipo_enf, nombre_enfermedad) VALUES (18, 2, 'Esclerodermia');
INSERT INTO enfermedad(id_enfermedad, id_tipo_enf, nombre_enfermedad) VALUES (19, 2, 'Esclerosis multiple');
INSERT INTO enfermedad(id_enfermedad, id_tipo_enf, nombre_enfermedad) VALUES (20, 2, 'Espondilitis anquilosante');
INSERT INTO enfermedad(id_enfermedad, id_tipo_enf, nombre_enfermedad) VALUES (21, 2, 'Lupus');
INSERT INTO enfermedad(id_enfermedad, id_tipo_enf, nombre_enfermedad) VALUES (22, 2, 'Miastenia gravis');
INSERT INTO enfermedad(id_enfermedad, id_tipo_enf, nombre_enfermedad) VALUES (23, 2, 'Narcolepsia');
INSERT INTO enfermedad(id_enfermedad, id_tipo_enf, nombre_enfermedad) VALUES (24, 2, 'Psoriasis');
INSERT INTO enfermedad(id_enfermedad, id_tipo_enf, nombre_enfermedad) VALUES (25, 2, 'PTI trombocitopenia inmune primaria');
INSERT INTO enfermedad(id_enfermedad, id_tipo_enf, nombre_enfermedad) VALUES (26, 2, 'Sarcoidosis');
INSERT INTO enfermedad(id_enfermedad, id_tipo_enf, nombre_enfermedad) VALUES (27, 2, 'Sensibilidad quimica multiple');
INSERT INTO enfermedad(id_enfermedad, id_tipo_enf, nombre_enfermedad) VALUES (28, 2, 'Sindrome de GuillainBarre ');
INSERT INTO enfermedad(id_enfermedad, id_tipo_enf, nombre_enfermedad) VALUES (29, 2, 'Sindrome de Sjogren');
INSERT INTO enfermedad(id_enfermedad, id_tipo_enf, nombre_enfermedad) VALUES (30, 2, 'Uveitis');
INSERT INTO enfermedad(id_enfermedad, id_tipo_enf, nombre_enfermedad) VALUES (31, 2, 'Vitiligo');
INSERT INTO enfermedad(id_enfermedad, id_tipo_enf, nombre_enfermedad) VALUES (32, 3, 'Aneurisma');
INSERT INTO enfermedad(id_enfermedad, id_tipo_enf, nombre_enfermedad) VALUES (33, 3, 'Angina de pecho');
INSERT INTO enfermedad(id_enfermedad, id_tipo_enf, nombre_enfermedad) VALUES (34, 3, 'Arritmia');
INSERT INTO enfermedad(id_enfermedad, id_tipo_enf, nombre_enfermedad) VALUES (35, 3, 'Arteriosclerosis');
INSERT INTO enfermedad(id_enfermedad, id_tipo_enf, nombre_enfermedad) VALUES (36, 3, 'Edema pulmonar');
INSERT INTO enfermedad(id_enfermedad, id_tipo_enf, nombre_enfermedad) VALUES (37, 3, 'Endocarditis');
INSERT INTO enfermedad(id_enfermedad, id_tipo_enf, nombre_enfermedad) VALUES (38, 3, 'Fibrilacion auricular');
INSERT INTO enfermedad(id_enfermedad, id_tipo_enf, nombre_enfermedad) VALUES (39, 3, 'Hipertension arterial');
INSERT INTO enfermedad(id_enfermedad, id_tipo_enf, nombre_enfermedad) VALUES (40, 3, 'Hipotension arterial');
INSERT INTO enfermedad(id_enfermedad, id_tipo_enf, nombre_enfermedad) VALUES (41, 3, 'Infarto de miocardio');
INSERT INTO enfermedad(id_enfermedad, id_tipo_enf, nombre_enfermedad) VALUES (42, 3, 'Insuficiencia cardiaca');
INSERT INTO enfermedad(id_enfermedad, id_tipo_enf, nombre_enfermedad) VALUES (43, 3, 'Insuficiencia mitral');
INSERT INTO enfermedad(id_enfermedad, id_tipo_enf, nombre_enfermedad) VALUES (44, 3, 'Lipotimia');
INSERT INTO enfermedad(id_enfermedad, id_tipo_enf, nombre_enfermedad) VALUES (45, 3, 'Palpitaciones cardiacas');
INSERT INTO enfermedad(id_enfermedad, id_tipo_enf, nombre_enfermedad) VALUES (46, 3, 'Pericarditis');
INSERT INTO enfermedad(id_enfermedad, id_tipo_enf, nombre_enfermedad) VALUES (47, 3, 'Reanimacion cardiopulmonar');
INSERT INTO enfermedad(id_enfermedad, id_tipo_enf, nombre_enfermedad) VALUES (48, 3, 'Shock');
INSERT INTO enfermedad(id_enfermedad, id_tipo_enf, nombre_enfermedad) VALUES (49, 3, 'Tromboembolismo pulmonar');
INSERT INTO enfermedad(id_enfermedad, id_tipo_enf, nombre_enfermedad) VALUES (50, 3, 'Trombosis venosa');
INSERT INTO enfermedad(id_enfermedad, id_tipo_enf, nombre_enfermedad) VALUES (51, 3, 'Varices');
INSERT INTO enfermedad(id_enfermedad, id_tipo_enf, nombre_enfermedad) VALUES (52, 4, 'Amenorrea');
INSERT INTO enfermedad(id_enfermedad, id_tipo_enf, nombre_enfermedad) VALUES (53, 4, 'Atrofia vaginal');
INSERT INTO enfermedad(id_enfermedad, id_tipo_enf, nombre_enfermedad) VALUES (54, 4, 'Bartolinitis');
INSERT INTO enfermedad(id_enfermedad, id_tipo_enf, nombre_enfermedad) VALUES (55, 4, 'Cancer de cuello de utero');
INSERT INTO enfermedad(id_enfermedad, id_tipo_enf, nombre_enfermedad) VALUES (56, 4, 'Cancer de mama');
INSERT INTO enfermedad(id_enfermedad, id_tipo_enf, nombre_enfermedad) VALUES (57, 4, 'Cancer de ovario');
INSERT INTO enfermedad(id_enfermedad, id_tipo_enf, nombre_enfermedad) VALUES (58, 4, 'Cistitis');
INSERT INTO enfermedad(id_enfermedad, id_tipo_enf, nombre_enfermedad) VALUES (59, 4, 'Dismenorrea');
INSERT INTO enfermedad(id_enfermedad, id_tipo_enf, nombre_enfermedad) VALUES (60, 4, 'Endometriosis');
INSERT INTO enfermedad(id_enfermedad, id_tipo_enf, nombre_enfermedad) VALUES (61, 4, 'Enfermedad inflamatoria pelvica');
INSERT INTO enfermedad(id_enfermedad, id_tipo_enf, nombre_enfermedad) VALUES (62, 4, 'Fibromialgia');
INSERT INTO enfermedad(id_enfermedad, id_tipo_enf, nombre_enfermedad) VALUES (63, 4, 'Galactorrea');
INSERT INTO enfermedad(id_enfermedad, id_tipo_enf, nombre_enfermedad) VALUES (64, 4, 'Hirsutismo');
INSERT INTO enfermedad(id_enfermedad, id_tipo_enf, nombre_enfermedad) VALUES (65, 4, 'Incontinencia urinaria');
INSERT INTO enfermedad(id_enfermedad, id_tipo_enf, nombre_enfermedad) VALUES (66, 4, 'Menopausia');
INSERT INTO enfermedad(id_enfermedad, id_tipo_enf, nombre_enfermedad) VALUES (67, 4, 'Miomatosis uterina');
INSERT INTO enfermedad(id_enfermedad, id_tipo_enf, nombre_enfermedad) VALUES (68, 4, 'Patologias benignas de mama');
INSERT INTO enfermedad(id_enfermedad, id_tipo_enf, nombre_enfermedad) VALUES (69, 4, 'Polipos uterinos');
INSERT INTO enfermedad(id_enfermedad, id_tipo_enf, nombre_enfermedad) VALUES (70, 4, 'Sindrome de fatiga cronica');
INSERT INTO enfermedad(id_enfermedad, id_tipo_enf, nombre_enfermedad) VALUES (71, 4, 'Sindrome de Ovario Poliquistico SOP');
INSERT INTO enfermedad(id_enfermedad, id_tipo_enf, nombre_enfermedad) VALUES (72, 4, 'Sindrome de Rett');
INSERT INTO enfermedad(id_enfermedad, id_tipo_enf, nombre_enfermedad) VALUES (73, 4, 'Sindrome de Turner');
INSERT INTO enfermedad(id_enfermedad, id_tipo_enf, nombre_enfermedad) VALUES (74, 4, 'Vaginitis');
INSERT INTO enfermedad(id_enfermedad, id_tipo_enf, nombre_enfermedad) VALUES (75, 4, 'Vaginosis bacteriana');
INSERT INTO enfermedad(id_enfermedad, id_tipo_enf, nombre_enfermedad) VALUES (76, 5, 'Acne');
INSERT INTO enfermedad(id_enfermedad, id_tipo_enf, nombre_enfermedad) VALUES (77, 5, 'Albinismo');
INSERT INTO enfermedad(id_enfermedad, id_tipo_enf, nombre_enfermedad) VALUES (78, 5, 'Alergia');
INSERT INTO enfermedad(id_enfermedad, id_tipo_enf, nombre_enfermedad) VALUES (79, 5, 'Ampollas');
INSERT INTO enfermedad(id_enfermedad, id_tipo_enf, nombre_enfermedad) VALUES (80, 5, 'Cancer de piel');
INSERT INTO enfermedad(id_enfermedad, id_tipo_enf, nombre_enfermedad) VALUES (81, 5, 'Dermatitis atopica');
INSERT INTO enfermedad(id_enfermedad, id_tipo_enf, nombre_enfermedad) VALUES (82, 5, 'Esclerodermia');
INSERT INTO enfermedad(id_enfermedad, id_tipo_enf, nombre_enfermedad) VALUES (83, 5, 'Heridas');
INSERT INTO enfermedad(id_enfermedad, id_tipo_enf, nombre_enfermedad) VALUES (84, 5, 'Herpes');
INSERT INTO enfermedad(id_enfermedad, id_tipo_enf, nombre_enfermedad) VALUES (85, 5, 'Impetigo');
INSERT INTO enfermedad(id_enfermedad, id_tipo_enf, nombre_enfermedad) VALUES (86, 5, 'Lepra');
INSERT INTO enfermedad(id_enfermedad, id_tipo_enf, nombre_enfermedad) VALUES (87, 5, 'Melanoma');
INSERT INTO enfermedad(id_enfermedad, id_tipo_enf, nombre_enfermedad) VALUES (88, 5, 'Melasma');
INSERT INTO enfermedad(id_enfermedad, id_tipo_enf, nombre_enfermedad) VALUES (89, 5, 'Molusco contagioso');
INSERT INTO enfermedad(id_enfermedad, id_tipo_enf, nombre_enfermedad) VALUES (90, 5, 'Pitiriasis versicolor');
INSERT INTO enfermedad(id_enfermedad, id_tipo_enf, nombre_enfermedad) VALUES (91, 5, 'Psoriasis');
INSERT INTO enfermedad(id_enfermedad, id_tipo_enf, nombre_enfermedad) VALUES (92, 5, 'Quemaduras');
INSERT INTO enfermedad(id_enfermedad, id_tipo_enf, nombre_enfermedad) VALUES (93, 5, 'Raspaduras y laceraciones');
INSERT INTO enfermedad(id_enfermedad, id_tipo_enf, nombre_enfermedad) VALUES (94, 5, 'Rosacea');
INSERT INTO enfermedad(id_enfermedad, id_tipo_enf, nombre_enfermedad) VALUES (95, 5, 'Telangiectasias');
INSERT INTO enfermedad(id_enfermedad, id_tipo_enf, nombre_enfermedad) VALUES (96, 5, 'Toxicodermias');
INSERT INTO enfermedad(id_enfermedad, id_tipo_enf, nombre_enfermedad) VALUES (97, 5, 'Urticaria');
INSERT INTO enfermedad(id_enfermedad, id_tipo_enf, nombre_enfermedad) VALUES (98, 5, 'Vitiligo');
INSERT INTO enfermedad(id_enfermedad, id_tipo_enf, nombre_enfermedad) VALUES (99, 6, 'Anemia');
INSERT INTO enfermedad(id_enfermedad, id_tipo_enf, nombre_enfermedad) VALUES (100, 6, 'Derrame ocular');
INSERT INTO enfermedad(id_enfermedad, id_tipo_enf, nombre_enfermedad) VALUES (101, 6, 'Enfermedad de Kawasaki');
INSERT INTO enfermedad(id_enfermedad, id_tipo_enf, nombre_enfermedad) VALUES (102, 6, 'Hemocromatosis');
INSERT INTO enfermedad(id_enfermedad, id_tipo_enf, nombre_enfermedad) VALUES (103, 6, 'Hemofilia');
INSERT INTO enfermedad(id_enfermedad, id_tipo_enf, nombre_enfermedad) VALUES (104, 6, 'Hemorragia nasal');
INSERT INTO enfermedad(id_enfermedad, id_tipo_enf, nombre_enfermedad) VALUES (105, 6, 'Leucemia');
INSERT INTO enfermedad(id_enfermedad, id_tipo_enf, nombre_enfermedad) VALUES (106, 6, 'Mieloma multiple');
INSERT INTO enfermedad(id_enfermedad, id_tipo_enf, nombre_enfermedad) VALUES (107, 6, 'Policitemia vera');
INSERT INTO enfermedad(id_enfermedad, id_tipo_enf, nombre_enfermedad) VALUES (108, 6, 'PTI trombocitopenia inmune primaria');
INSERT INTO enfermedad(id_enfermedad, id_tipo_enf, nombre_enfermedad) VALUES (109, 6, 'Talasemia');
INSERT INTO enfermedad(id_enfermedad, id_tipo_enf, nombre_enfermedad) VALUES (110, 6, 'Trombosis venosa');
INSERT INTO enfermedad(id_enfermedad, id_tipo_enf, nombre_enfermedad) VALUES (111, 7, 'Abrasion corneal');
INSERT INTO enfermedad(id_enfermedad, id_tipo_enf, nombre_enfermedad) VALUES (112, 7, 'Astigmatismo');
INSERT INTO enfermedad(id_enfermedad, id_tipo_enf, nombre_enfermedad) VALUES (113, 7, 'Cataratas');
INSERT INTO enfermedad(id_enfermedad, id_tipo_enf, nombre_enfermedad) VALUES (114, 7, 'Conjuntivitis');
INSERT INTO enfermedad(id_enfermedad, id_tipo_enf, nombre_enfermedad) VALUES (115, 7, 'Daltonismo');
INSERT INTO enfermedad(id_enfermedad, id_tipo_enf, nombre_enfermedad) VALUES (116, 7, 'Degeneracion macular');
INSERT INTO enfermedad(id_enfermedad, id_tipo_enf, nombre_enfermedad) VALUES (117, 7, 'Derrame ocular');
INSERT INTO enfermedad(id_enfermedad, id_tipo_enf, nombre_enfermedad) VALUES (118, 7, 'Escleritis');
INSERT INTO enfermedad(id_enfermedad, id_tipo_enf, nombre_enfermedad) VALUES (119, 7, 'Estrabismo');
INSERT INTO enfermedad(id_enfermedad, id_tipo_enf, nombre_enfermedad) VALUES (120, 7, 'Glaucoma');
INSERT INTO enfermedad(id_enfermedad, id_tipo_enf, nombre_enfermedad) VALUES (121, 7, 'Hipermetropia');
INSERT INTO enfermedad(id_enfermedad, id_tipo_enf, nombre_enfermedad) VALUES (122, 7, 'Miopia');
INSERT INTO enfermedad(id_enfermedad, id_tipo_enf, nombre_enfermedad) VALUES (123, 7, 'Nistagmo');
INSERT INTO enfermedad(id_enfermedad, id_tipo_enf, nombre_enfermedad) VALUES (124, 7, 'Ojo seco');
INSERT INTO enfermedad(id_enfermedad, id_tipo_enf, nombre_enfermedad) VALUES (125, 7, 'Oncocercosis');
INSERT INTO enfermedad(id_enfermedad, id_tipo_enf, nombre_enfermedad) VALUES (126, 7, 'Presbicia');
INSERT INTO enfermedad(id_enfermedad, id_tipo_enf, nombre_enfermedad) VALUES (127, 7, 'Retinosis pigmentaria');
INSERT INTO enfermedad(id_enfermedad, id_tipo_enf, nombre_enfermedad) VALUES (128, 7, 'Sindrome de Sjogren');
INSERT INTO enfermedad(id_enfermedad, id_tipo_enf, nombre_enfermedad) VALUES (129, 7, 'Tracoma');
INSERT INTO enfermedad(id_enfermedad, id_tipo_enf, nombre_enfermedad) VALUES (130, 7, 'Uveitis');
INSERT INTO enfermedad(id_enfermedad, id_tipo_enf, nombre_enfermedad) VALUES (131, 8, 'Balanitis');
INSERT INTO enfermedad(id_enfermedad, id_tipo_enf, nombre_enfermedad) VALUES (132, 8, 'Chancroide');
INSERT INTO enfermedad(id_enfermedad, id_tipo_enf, nombre_enfermedad) VALUES (133, 8, 'Clamidia');
INSERT INTO enfermedad(id_enfermedad, id_tipo_enf, nombre_enfermedad) VALUES (134, 8, 'Enfermedad inflamatoria pelvica');
INSERT INTO enfermedad(id_enfermedad, id_tipo_enf, nombre_enfermedad) VALUES (135, 8, 'Enfermedades de Transmision Sexual');
INSERT INTO enfermedad(id_enfermedad, id_tipo_enf, nombre_enfermedad) VALUES (136, 8, 'Gonorrea');
INSERT INTO enfermedad(id_enfermedad, id_tipo_enf, nombre_enfermedad) VALUES (137, 8, 'Herpes');
INSERT INTO enfermedad(id_enfermedad, id_tipo_enf, nombre_enfermedad) VALUES (138, 8, 'Ladillas');
INSERT INTO enfermedad(id_enfermedad, id_tipo_enf, nombre_enfermedad) VALUES (139, 8, 'Micoplasma genital');
INSERT INTO enfermedad(id_enfermedad, id_tipo_enf, nombre_enfermedad) VALUES (140, 8, 'Molusco contagioso');
INSERT INTO enfermedad(id_enfermedad, id_tipo_enf, nombre_enfermedad) VALUES (141, 8, 'SIDA');
INSERT INTO enfermedad(id_enfermedad, id_tipo_enf, nombre_enfermedad) VALUES (142, 8, 'Sifilis');
INSERT INTO enfermedad(id_enfermedad, id_tipo_enf, nombre_enfermedad) VALUES (143, 8, 'Tricomoniasis');
INSERT INTO enfermedad(id_enfermedad, id_tipo_enf, nombre_enfermedad) VALUES (144, 8, 'Uretritis');
INSERT INTO enfermedad(id_enfermedad, id_tipo_enf, nombre_enfermedad) VALUES (145, 8, 'VPH');
INSERT INTO enfermedad(id_enfermedad, id_tipo_enf, nombre_enfermedad) VALUES (146, 9, 'Cancer de rinon');
INSERT INTO enfermedad(id_enfermedad, id_tipo_enf, nombre_enfermedad) VALUES (147, 9, 'Colico nefritico');
INSERT INTO enfermedad(id_enfermedad, id_tipo_enf, nombre_enfermedad) VALUES (148, 9, 'Diabetes insipida');
INSERT INTO enfermedad(id_enfermedad, id_tipo_enf, nombre_enfermedad) VALUES (149, 9, 'Hantavirus');
INSERT INTO enfermedad(id_enfermedad, id_tipo_enf, nombre_enfermedad) VALUES (150, 9, 'Insuficiencia renal cronica');
INSERT INTO enfermedad(id_enfermedad, id_tipo_enf, nombre_enfermedad) VALUES (151, 9, 'Pielonefritis');
INSERT INTO enfermedad(id_enfermedad, id_tipo_enf, nombre_enfermedad) VALUES (152, 10, 'Aftas bucales');
INSERT INTO enfermedad(id_enfermedad, id_tipo_enf, nombre_enfermedad) VALUES (153, 10, 'Alergia');
INSERT INTO enfermedad(id_enfermedad, id_tipo_enf, nombre_enfermedad) VALUES (154, 10, 'Apendicitis');
INSERT INTO enfermedad(id_enfermedad, id_tipo_enf, nombre_enfermedad) VALUES (155, 10, 'Ascitis');
INSERT INTO enfermedad(id_enfermedad, id_tipo_enf, nombre_enfermedad) VALUES (156, 10, 'Campylobacter');
INSERT INTO enfermedad(id_enfermedad, id_tipo_enf, nombre_enfermedad) VALUES (157, 10, 'Cancer de colon');
INSERT INTO enfermedad(id_enfermedad, id_tipo_enf, nombre_enfermedad) VALUES (158, 10, 'Cancer de esofago');
INSERT INTO enfermedad(id_enfermedad, id_tipo_enf, nombre_enfermedad) VALUES (159, 10, 'Cancer de estomago');
INSERT INTO enfermedad(id_enfermedad, id_tipo_enf, nombre_enfermedad) VALUES (160, 10, 'Cancer de higado');
INSERT INTO enfermedad(id_enfermedad, id_tipo_enf, nombre_enfermedad) VALUES (161, 10, 'Cancer de pancreas');
INSERT INTO enfermedad(id_enfermedad, id_tipo_enf, nombre_enfermedad) VALUES (162, 10, 'Cancer oral');
INSERT INTO enfermedad(id_enfermedad, id_tipo_enf, nombre_enfermedad) VALUES (163, 10, 'Celiaquia');
INSERT INTO enfermedad(id_enfermedad, id_tipo_enf, nombre_enfermedad) VALUES (164, 10, 'Cirrosis');
INSERT INTO enfermedad(id_enfermedad, id_tipo_enf, nombre_enfermedad) VALUES (165, 10, 'Colitis ulcerosa');
INSERT INTO enfermedad(id_enfermedad, id_tipo_enf, nombre_enfermedad) VALUES (166, 10, 'Colon irritable');
INSERT INTO enfermedad(id_enfermedad, id_tipo_enf, nombre_enfermedad) VALUES (167, 10, 'Corte de digestion');
INSERT INTO enfermedad(id_enfermedad, id_tipo_enf, nombre_enfermedad) VALUES (168, 10, 'Dispepsia');
INSERT INTO enfermedad(id_enfermedad, id_tipo_enf, nombre_enfermedad) VALUES (169, 10, 'Diverticulosis');
INSERT INTO enfermedad(id_enfermedad, id_tipo_enf, nombre_enfermedad) VALUES (170, 10, 'Enfermedad de Crohn');
INSERT INTO enfermedad(id_enfermedad, id_tipo_enf, nombre_enfermedad) VALUES (171, 10, 'Esofago de Barrett');
INSERT INTO enfermedad(id_enfermedad, id_tipo_enf, nombre_enfermedad) VALUES (172, 10, 'Esteatosis hepatica');
INSERT INTO enfermedad(id_enfermedad, id_tipo_enf, nombre_enfermedad) VALUES (173, 10, 'Estrenimiento');
INSERT INTO enfermedad(id_enfermedad, id_tipo_enf, nombre_enfermedad) VALUES (174, 10, 'Fibrosis quistica');
INSERT INTO enfermedad(id_enfermedad, id_tipo_enf, nombre_enfermedad) VALUES (175, 10, 'Fiebre tifoidea');
INSERT INTO enfermedad(id_enfermedad, id_tipo_enf, nombre_enfermedad) VALUES (176, 10, 'Fistula anal');
INSERT INTO enfermedad(id_enfermedad, id_tipo_enf, nombre_enfermedad) VALUES (177, 10, 'Gastritis');
INSERT INTO enfermedad(id_enfermedad, id_tipo_enf, nombre_enfermedad) VALUES (178, 10, 'Gastroenteritis');
INSERT INTO enfermedad(id_enfermedad, id_tipo_enf, nombre_enfermedad) VALUES (179, 10, 'Giardiasis');
INSERT INTO enfermedad(id_enfermedad, id_tipo_enf, nombre_enfermedad) VALUES (180, 10, 'Hemorroides');
INSERT INTO enfermedad(id_enfermedad, id_tipo_enf, nombre_enfermedad) VALUES (181, 10, 'Hepatitis');
INSERT INTO enfermedad(id_enfermedad, id_tipo_enf, nombre_enfermedad) VALUES (182, 10, 'Hernia de hiato');
INSERT INTO enfermedad(id_enfermedad, id_tipo_enf, nombre_enfermedad) VALUES (183, 10, 'Hernia inguinal');
INSERT INTO enfermedad(id_enfermedad, id_tipo_enf, nombre_enfermedad) VALUES (184, 10, 'Insuficiencia hepatica');
INSERT INTO enfermedad(id_enfermedad, id_tipo_enf, nombre_enfermedad) VALUES (185, 10, 'Intolerancia a la histamina');
INSERT INTO enfermedad(id_enfermedad, id_tipo_enf, nombre_enfermedad) VALUES (186, 10, 'Litiasis biliar');
INSERT INTO enfermedad(id_enfermedad, id_tipo_enf, nombre_enfermedad) VALUES (187, 10, 'Pancreatitis');
INSERT INTO enfermedad(id_enfermedad, id_tipo_enf, nombre_enfermedad) VALUES (188, 10, 'Peritonitis');
INSERT INTO enfermedad(id_enfermedad, id_tipo_enf, nombre_enfermedad) VALUES (189, 10, 'Reflujo gastroesofagico');
INSERT INTO enfermedad(id_enfermedad, id_tipo_enf, nombre_enfermedad) VALUES (190, 10, 'Shigelosis');
INSERT INTO enfermedad(id_enfermedad, id_tipo_enf, nombre_enfermedad) VALUES (191, 10, 'SIBO');
INSERT INTO enfermedad(id_enfermedad, id_tipo_enf, nombre_enfermedad) VALUES (192, 10, 'Teniasis');
INSERT INTO enfermedad(id_enfermedad, id_tipo_enf, nombre_enfermedad) VALUES (193, 10, 'ulcera');
INSERT INTO enfermedad(id_enfermedad, id_tipo_enf, nombre_enfermedad) VALUES (194, 11, 'Bocio');
INSERT INTO enfermedad(id_enfermedad, id_tipo_enf, nombre_enfermedad) VALUES (195, 11, 'Deficit de la hormona del crecimiento');
INSERT INTO enfermedad(id_enfermedad, id_tipo_enf, nombre_enfermedad) VALUES (196, 11, 'Diabetes');
INSERT INTO enfermedad(id_enfermedad, id_tipo_enf, nombre_enfermedad) VALUES (197, 11, 'Diabetes gestacional');
INSERT INTO enfermedad(id_enfermedad, id_tipo_enf, nombre_enfermedad) VALUES (198, 11, 'Diabetes insipida');
INSERT INTO enfermedad(id_enfermedad, id_tipo_enf, nombre_enfermedad) VALUES (199, 11, 'Enfermedad de Addison');
INSERT INTO enfermedad(id_enfermedad, id_tipo_enf, nombre_enfermedad) VALUES (200, 11, 'Esteatosis hepatica');
INSERT INTO enfermedad(id_enfermedad, id_tipo_enf, nombre_enfermedad) VALUES (201, 11, 'Fenilcetonuria');
INSERT INTO enfermedad(id_enfermedad, id_tipo_enf, nombre_enfermedad) VALUES (202, 11, 'Galactosemia');
INSERT INTO enfermedad(id_enfermedad, id_tipo_enf, nombre_enfermedad) VALUES (203, 11, 'Hipercolesterolemia');
INSERT INTO enfermedad(id_enfermedad, id_tipo_enf, nombre_enfermedad) VALUES (204, 11, 'Hipertiroidismo');
INSERT INTO enfermedad(id_enfermedad, id_tipo_enf, nombre_enfermedad) VALUES (205, 11, 'Hipocalcemia');
INSERT INTO enfermedad(id_enfermedad, id_tipo_enf, nombre_enfermedad) VALUES (206, 11, 'Hipoglucemia');
INSERT INTO enfermedad(id_enfermedad, id_tipo_enf, nombre_enfermedad) VALUES (207, 11, 'Hipogonadismo');
INSERT INTO enfermedad(id_enfermedad, id_tipo_enf, nombre_enfermedad) VALUES (208, 11, 'Hipotiroidismo');
INSERT INTO enfermedad(id_enfermedad, id_tipo_enf, nombre_enfermedad) VALUES (209, 11, 'Hirsutismo');
INSERT INTO enfermedad(id_enfermedad, id_tipo_enf, nombre_enfermedad) VALUES (210, 11, 'Lipodistrofia');
INSERT INTO enfermedad(id_enfermedad, id_tipo_enf, nombre_enfermedad) VALUES (211, 11, 'Obesidad');
INSERT INTO enfermedad(id_enfermedad, id_tipo_enf, nombre_enfermedad) VALUES (212, 11, 'Obesidad infantil');
INSERT INTO enfermedad(id_enfermedad, id_tipo_enf, nombre_enfermedad) VALUES (213, 11, 'Osteoporosis');
INSERT INTO enfermedad(id_enfermedad, id_tipo_enf, nombre_enfermedad) VALUES (214, 11, 'Prediabetes');
INSERT INTO enfermedad(id_enfermedad, id_tipo_enf, nombre_enfermedad) VALUES (215, 11, 'Resistencia a la insulina');
INSERT INTO enfermedad(id_enfermedad, id_tipo_enf, nombre_enfermedad) VALUES (216, 11, 'Sindrome de Cushing');
INSERT INTO enfermedad(id_enfermedad, id_tipo_enf, nombre_enfermedad) VALUES (217, 11, 'Sindrome metabolico');
INSERT INTO enfermedad(id_enfermedad, id_tipo_enf, nombre_enfermedad) VALUES (218, 12, 'Albinismo');
INSERT INTO enfermedad(id_enfermedad, id_tipo_enf, nombre_enfermedad) VALUES (219, 12, 'Ataxia');
INSERT INTO enfermedad(id_enfermedad, id_tipo_enf, nombre_enfermedad) VALUES (220, 12, 'Daltonismo');
INSERT INTO enfermedad(id_enfermedad, id_tipo_enf, nombre_enfermedad) VALUES (221, 12, 'Distrofia muscular de Duchenne');
INSERT INTO enfermedad(id_enfermedad, id_tipo_enf, nombre_enfermedad) VALUES (222, 12, 'Enfermedad de Huntington');
INSERT INTO enfermedad(id_enfermedad, id_tipo_enf, nombre_enfermedad) VALUES (223, 12, 'Enfermedad de Wilson');
INSERT INTO enfermedad(id_enfermedad, id_tipo_enf, nombre_enfermedad) VALUES (224, 12, 'Enfermedades raras');
INSERT INTO enfermedad(id_enfermedad, id_tipo_enf, nombre_enfermedad) VALUES (225, 12, 'Fenilcetonuria');
INSERT INTO enfermedad(id_enfermedad, id_tipo_enf, nombre_enfermedad) VALUES (226, 12, 'Fibrosis quistica');
INSERT INTO enfermedad(id_enfermedad, id_tipo_enf, nombre_enfermedad) VALUES (227, 12, 'Galactosemia');
INSERT INTO enfermedad(id_enfermedad, id_tipo_enf, nombre_enfermedad) VALUES (228, 12, 'Hemocromatosis');
INSERT INTO enfermedad(id_enfermedad, id_tipo_enf, nombre_enfermedad) VALUES (229, 12, 'Hemofilia');
INSERT INTO enfermedad(id_enfermedad, id_tipo_enf, nombre_enfermedad) VALUES (230, 12, 'Neurofibromatosis');
INSERT INTO enfermedad(id_enfermedad, id_tipo_enf, nombre_enfermedad) VALUES (231, 12, 'Retinosis pigmentaria');
INSERT INTO enfermedad(id_enfermedad, id_tipo_enf, nombre_enfermedad) VALUES (232, 12, 'Sindrome de Angelman');
INSERT INTO enfermedad(id_enfermedad, id_tipo_enf, nombre_enfermedad) VALUES (233, 12, 'Sindrome de Down');
INSERT INTO enfermedad(id_enfermedad, id_tipo_enf, nombre_enfermedad) VALUES (234, 12, 'Sindrome de Klinefelter');
INSERT INTO enfermedad(id_enfermedad, id_tipo_enf, nombre_enfermedad) VALUES (235, 12, 'Sindrome de Lynch ');
INSERT INTO enfermedad(id_enfermedad, id_tipo_enf, nombre_enfermedad) VALUES (236, 12, 'Sindrome de Marfan');
INSERT INTO enfermedad(id_enfermedad, id_tipo_enf, nombre_enfermedad) VALUES (237, 12, 'Sindrome de Noonan');
INSERT INTO enfermedad(id_enfermedad, id_tipo_enf, nombre_enfermedad) VALUES (238, 12, 'Sindrome de Patau');
INSERT INTO enfermedad(id_enfermedad, id_tipo_enf, nombre_enfermedad) VALUES (239, 12, 'Sindrome de Rett');
INSERT INTO enfermedad(id_enfermedad, id_tipo_enf, nombre_enfermedad) VALUES (240, 12, 'Sindrome de Sanfilippo');
INSERT INTO enfermedad(id_enfermedad, id_tipo_enf, nombre_enfermedad) VALUES (241, 12, 'Sindrome de Turner');
INSERT INTO enfermedad(id_enfermedad, id_tipo_enf, nombre_enfermedad) VALUES (242, 12, 'Sindrome de Williams');
INSERT INTO enfermedad(id_enfermedad, id_tipo_enf, nombre_enfermedad) VALUES (243, 12, 'Sindrome de X Fragil');
INSERT INTO enfermedad(id_enfermedad, id_tipo_enf, nombre_enfermedad) VALUES (244, 13, 'Anisakiasis');
INSERT INTO enfermedad(id_enfermedad, id_tipo_enf, nombre_enfermedad) VALUES (245, 13, 'Balanitis');
INSERT INTO enfermedad(id_enfermedad, id_tipo_enf, nombre_enfermedad) VALUES (246, 13, 'Botulismo');
INSERT INTO enfermedad(id_enfermedad, id_tipo_enf, nombre_enfermedad) VALUES (247, 13, 'Brucelosis');
INSERT INTO enfermedad(id_enfermedad, id_tipo_enf, nombre_enfermedad) VALUES (248, 13, 'Campylobacter');
INSERT INTO enfermedad(id_enfermedad, id_tipo_enf, nombre_enfermedad) VALUES (249, 13, 'Candidiasis');
INSERT INTO enfermedad(id_enfermedad, id_tipo_enf, nombre_enfermedad) VALUES (250, 13, 'Carbunco');
INSERT INTO enfermedad(id_enfermedad, id_tipo_enf, nombre_enfermedad) VALUES (251, 13, 'Catarro');
INSERT INTO enfermedad(id_enfermedad, id_tipo_enf, nombre_enfermedad) VALUES (252, 13, 'Chancroide');
INSERT INTO enfermedad(id_enfermedad, id_tipo_enf, nombre_enfermedad) VALUES (253, 13, 'Chikungunya');
INSERT INTO enfermedad(id_enfermedad, id_tipo_enf, nombre_enfermedad) VALUES (254, 13, 'Cistitis');
INSERT INTO enfermedad(id_enfermedad, id_tipo_enf, nombre_enfermedad) VALUES (255, 13, 'Citomegalovirus');
INSERT INTO enfermedad(id_enfermedad, id_tipo_enf, nombre_enfermedad) VALUES (256, 13, 'Clamidia');
INSERT INTO enfermedad(id_enfermedad, id_tipo_enf, nombre_enfermedad) VALUES (257, 13, 'Colera');
INSERT INTO enfermedad(id_enfermedad, id_tipo_enf, nombre_enfermedad) VALUES (258, 13, 'Dengue');
INSERT INTO enfermedad(id_enfermedad, id_tipo_enf, nombre_enfermedad) VALUES (259, 13, 'Difteria');
INSERT INTO enfermedad(id_enfermedad, id_tipo_enf, nombre_enfermedad) VALUES (260, 13, 'ebola');
INSERT INTO enfermedad(id_enfermedad, id_tipo_enf, nombre_enfermedad) VALUES (261, 13, 'Elefantiasis');
INSERT INTO enfermedad(id_enfermedad, id_tipo_enf, nombre_enfermedad) VALUES (262, 13, 'Encefalitis');
INSERT INTO enfermedad(id_enfermedad, id_tipo_enf, nombre_enfermedad) VALUES (263, 13, 'Endocarditis');
INSERT INTO enfermedad(id_enfermedad, id_tipo_enf, nombre_enfermedad) VALUES (264, 13, 'Enfermedad de Chagas');
INSERT INTO enfermedad(id_enfermedad, id_tipo_enf, nombre_enfermedad) VALUES (265, 13, 'Enfermedad de Lyme');
INSERT INTO enfermedad(id_enfermedad, id_tipo_enf, nombre_enfermedad) VALUES (266, 13, 'Faringitis');
INSERT INTO enfermedad(id_enfermedad, id_tipo_enf, nombre_enfermedad) VALUES (267, 13, 'Fiebre amarilla');
INSERT INTO enfermedad(id_enfermedad, id_tipo_enf, nombre_enfermedad) VALUES (268, 13, 'Fiebre de Lassa');
INSERT INTO enfermedad(id_enfermedad, id_tipo_enf, nombre_enfermedad) VALUES (269, 13, 'Fiebre de Oropouche');
INSERT INTO enfermedad(id_enfermedad, id_tipo_enf, nombre_enfermedad) VALUES (270, 13, 'Fiebre del valle del Rift');
INSERT INTO enfermedad(id_enfermedad, id_tipo_enf, nombre_enfermedad) VALUES (271, 13, 'Fiebre hemorragica de CrimeaCongo');
INSERT INTO enfermedad(id_enfermedad, id_tipo_enf, nombre_enfermedad) VALUES (272, 13, 'Fiebre tifoidea');
INSERT INTO enfermedad(id_enfermedad, id_tipo_enf, nombre_enfermedad) VALUES (273, 13, 'Giardiasis');
INSERT INTO enfermedad(id_enfermedad, id_tipo_enf, nombre_enfermedad) VALUES (274, 13, 'Gonorrea');
INSERT INTO enfermedad(id_enfermedad, id_tipo_enf, nombre_enfermedad) VALUES (275, 13, 'Gripe');
INSERT INTO enfermedad(id_enfermedad, id_tipo_enf, nombre_enfermedad) VALUES (276, 13, 'Hantavirus');
INSERT INTO enfermedad(id_enfermedad, id_tipo_enf, nombre_enfermedad) VALUES (277, 13, 'Hepatitis');
INSERT INTO enfermedad(id_enfermedad, id_tipo_enf, nombre_enfermedad) VALUES (278, 13, 'Herpes');
INSERT INTO enfermedad(id_enfermedad, id_tipo_enf, nombre_enfermedad) VALUES (279, 13, 'Herpes zoster');
INSERT INTO enfermedad(id_enfermedad, id_tipo_enf, nombre_enfermedad) VALUES (280, 13, 'Hidatidosis');
INSERT INTO enfermedad(id_enfermedad, id_tipo_enf, nombre_enfermedad) VALUES (281, 13, 'Impetigo');
INSERT INTO enfermedad(id_enfermedad, id_tipo_enf, nombre_enfermedad) VALUES (282, 13, 'Infecciones urinarias');
INSERT INTO enfermedad(id_enfermedad, id_tipo_enf, nombre_enfermedad) VALUES (283, 13, 'Insuficiencia hepatica');
INSERT INTO enfermedad(id_enfermedad, id_tipo_enf, nombre_enfermedad) VALUES (284, 13, 'Ladillas');
INSERT INTO enfermedad(id_enfermedad, id_tipo_enf, nombre_enfermedad) VALUES (285, 13, 'Legionella');
INSERT INTO enfermedad(id_enfermedad, id_tipo_enf, nombre_enfermedad) VALUES (286, 13, 'Leishmaniasis');
INSERT INTO enfermedad(id_enfermedad, id_tipo_enf, nombre_enfermedad) VALUES (287, 13, 'Lepra');
INSERT INTO enfermedad(id_enfermedad, id_tipo_enf, nombre_enfermedad) VALUES (288, 13, 'Leptospirosis');
INSERT INTO enfermedad(id_enfermedad, id_tipo_enf, nombre_enfermedad) VALUES (289, 13, 'Listeriosis');
INSERT INTO enfermedad(id_enfermedad, id_tipo_enf, nombre_enfermedad) VALUES (290, 13, 'Malaria');
INSERT INTO enfermedad(id_enfermedad, id_tipo_enf, nombre_enfermedad) VALUES (291, 13, 'Melioidosis');
INSERT INTO enfermedad(id_enfermedad, id_tipo_enf, nombre_enfermedad) VALUES (292, 13, 'Meningitis');
INSERT INTO enfermedad(id_enfermedad, id_tipo_enf, nombre_enfermedad) VALUES (293, 13, 'MERS');
INSERT INTO enfermedad(id_enfermedad, id_tipo_enf, nombre_enfermedad) VALUES (294, 13, 'Micoplasma genital');
INSERT INTO enfermedad(id_enfermedad, id_tipo_enf, nombre_enfermedad) VALUES (295, 13, 'Microcefalia');
INSERT INTO enfermedad(id_enfermedad, id_tipo_enf, nombre_enfermedad) VALUES (296, 13, 'Molusco contagioso');
INSERT INTO enfermedad(id_enfermedad, id_tipo_enf, nombre_enfermedad) VALUES (297, 13, 'Mononucleosis');
INSERT INTO enfermedad(id_enfermedad, id_tipo_enf, nombre_enfermedad) VALUES (298, 13, 'Mordeduras de animales');
INSERT INTO enfermedad(id_enfermedad, id_tipo_enf, nombre_enfermedad) VALUES (299, 13, 'Neumonia');
INSERT INTO enfermedad(id_enfermedad, id_tipo_enf, nombre_enfermedad) VALUES (300, 13, 'Norovirus');
INSERT INTO enfermedad(id_enfermedad, id_tipo_enf, nombre_enfermedad) VALUES (301, 13, 'Oncocercosis');
INSERT INTO enfermedad(id_enfermedad, id_tipo_enf, nombre_enfermedad) VALUES (302, 13, 'Onicomicosis');
INSERT INTO enfermedad(id_enfermedad, id_tipo_enf, nombre_enfermedad) VALUES (303, 13, 'Osteomielitis');
INSERT INTO enfermedad(id_enfermedad, id_tipo_enf, nombre_enfermedad) VALUES (304, 13, 'Otitis');
INSERT INTO enfermedad(id_enfermedad, id_tipo_enf, nombre_enfermedad) VALUES (305, 13, 'Paperas');
INSERT INTO enfermedad(id_enfermedad, id_tipo_enf, nombre_enfermedad) VALUES (306, 13, 'Peste');
INSERT INTO enfermedad(id_enfermedad, id_tipo_enf, nombre_enfermedad) VALUES (307, 13, 'Pian');
INSERT INTO enfermedad(id_enfermedad, id_tipo_enf, nombre_enfermedad) VALUES (308, 13, 'Pie de atleta');
INSERT INTO enfermedad(id_enfermedad, id_tipo_enf, nombre_enfermedad) VALUES (309, 13, 'Pielonefritis');
INSERT INTO enfermedad(id_enfermedad, id_tipo_enf, nombre_enfermedad) VALUES (310, 13, 'Poliomielitis');
INSERT INTO enfermedad(id_enfermedad, id_tipo_enf, nombre_enfermedad) VALUES (311, 13, 'Prostatitis');
INSERT INTO enfermedad(id_enfermedad, id_tipo_enf, nombre_enfermedad) VALUES (312, 13, 'Rabia');
INSERT INTO enfermedad(id_enfermedad, id_tipo_enf, nombre_enfermedad) VALUES (313, 13, 'Rinitis');
INSERT INTO enfermedad(id_enfermedad, id_tipo_enf, nombre_enfermedad) VALUES (314, 13, 'Rubeola');
INSERT INTO enfermedad(id_enfermedad, id_tipo_enf, nombre_enfermedad) VALUES (315, 13, 'Salmonelosis');
INSERT INTO enfermedad(id_enfermedad, id_tipo_enf, nombre_enfermedad) VALUES (316, 13, 'Sarampion');
INSERT INTO enfermedad(id_enfermedad, id_tipo_enf, nombre_enfermedad) VALUES (317, 13, 'Sarcoma de tejidos blandos');
INSERT INTO enfermedad(id_enfermedad, id_tipo_enf, nombre_enfermedad) VALUES (318, 13, 'Sarna');
INSERT INTO enfermedad(id_enfermedad, id_tipo_enf, nombre_enfermedad) VALUES (319, 13, 'Sepsis');
INSERT INTO enfermedad(id_enfermedad, id_tipo_enf, nombre_enfermedad) VALUES (320, 13, 'Shigelosis');
INSERT INTO enfermedad(id_enfermedad, id_tipo_enf, nombre_enfermedad) VALUES (321, 13, 'SIDA');
INSERT INTO enfermedad(id_enfermedad, id_tipo_enf, nombre_enfermedad) VALUES (322, 13, 'Sinusitis');
INSERT INTO enfermedad(id_enfermedad, id_tipo_enf, nombre_enfermedad) VALUES (323, 13, 'Teniasis');
INSERT INTO enfermedad(id_enfermedad, id_tipo_enf, nombre_enfermedad) VALUES (324, 13, 'Tetanos');
INSERT INTO enfermedad(id_enfermedad, id_tipo_enf, nombre_enfermedad) VALUES (325, 13, 'Tos ferina');
INSERT INTO enfermedad(id_enfermedad, id_tipo_enf, nombre_enfermedad) VALUES (326, 13, 'Toxoplasmosis');
INSERT INTO enfermedad(id_enfermedad, id_tipo_enf, nombre_enfermedad) VALUES (327, 13, 'Tracoma');
INSERT INTO enfermedad(id_enfermedad, id_tipo_enf, nombre_enfermedad) VALUES (328, 13, 'Traqueitis');
INSERT INTO enfermedad(id_enfermedad, id_tipo_enf, nombre_enfermedad) VALUES (329, 13, 'Tricomoniasis');
INSERT INTO enfermedad(id_enfermedad, id_tipo_enf, nombre_enfermedad) VALUES (330, 13, 'Tripanosomiasis africana');
INSERT INTO enfermedad(id_enfermedad, id_tipo_enf, nombre_enfermedad) VALUES (331, 13, 'Tuberculosis');
INSERT INTO enfermedad(id_enfermedad, id_tipo_enf, nombre_enfermedad) VALUES (332, 13, 'Tularemia');
INSERT INTO enfermedad(id_enfermedad, id_tipo_enf, nombre_enfermedad) VALUES (333, 13, 'Uretritis');
INSERT INTO enfermedad(id_enfermedad, id_tipo_enf, nombre_enfermedad) VALUES (334, 13, 'Uveitis');
INSERT INTO enfermedad(id_enfermedad, id_tipo_enf, nombre_enfermedad) VALUES (335, 13, 'Vaginitis');
INSERT INTO enfermedad(id_enfermedad, id_tipo_enf, nombre_enfermedad) VALUES (336, 13, 'Vaginosis bacteriana');
INSERT INTO enfermedad(id_enfermedad, id_tipo_enf, nombre_enfermedad) VALUES (337, 13, 'Varicela');
INSERT INTO enfermedad(id_enfermedad, id_tipo_enf, nombre_enfermedad) VALUES (338, 13, 'Virus del Nilo Occidental');
INSERT INTO enfermedad(id_enfermedad, id_tipo_enf, nombre_enfermedad) VALUES (339, 13, 'Virus Mayaro');
INSERT INTO enfermedad(id_enfermedad, id_tipo_enf, nombre_enfermedad) VALUES (340, 13, 'Virus Nipah');
INSERT INTO enfermedad(id_enfermedad, id_tipo_enf, nombre_enfermedad) VALUES (341, 13, 'Virus Usutu');
INSERT INTO enfermedad(id_enfermedad, id_tipo_enf, nombre_enfermedad) VALUES (342, 13, 'Virus Zika');
INSERT INTO enfermedad(id_enfermedad, id_tipo_enf, nombre_enfermedad) VALUES (343, 13, 'VPH');
INSERT INTO enfermedad(id_enfermedad, id_tipo_enf, nombre_enfermedad) VALUES (344, 14, 'Alcoholismo');
INSERT INTO enfermedad(id_enfermedad, id_tipo_enf, nombre_enfermedad) VALUES (345, 14, 'Anorexia');
INSERT INTO enfermedad(id_enfermedad, id_tipo_enf, nombre_enfermedad) VALUES (346, 14, 'Ansiedad');
INSERT INTO enfermedad(id_enfermedad, id_tipo_enf, nombre_enfermedad) VALUES (347, 14, 'Autismo');
INSERT INTO enfermedad(id_enfermedad, id_tipo_enf, nombre_enfermedad) VALUES (348, 14, 'Bulimia');
INSERT INTO enfermedad(id_enfermedad, id_tipo_enf, nombre_enfermedad) VALUES (349, 14, 'Crisis de panico');
INSERT INTO enfermedad(id_enfermedad, id_tipo_enf, nombre_enfermedad) VALUES (350, 14, 'Depresion');
INSERT INTO enfermedad(id_enfermedad, id_tipo_enf, nombre_enfermedad) VALUES (351, 14, 'Deterioro cognitivo leve');
INSERT INTO enfermedad(id_enfermedad, id_tipo_enf, nombre_enfermedad) VALUES (352, 14, 'Esquizofrenia');
INSERT INTO enfermedad(id_enfermedad, id_tipo_enf, nombre_enfermedad) VALUES (353, 14, 'Fibromialgia');
INSERT INTO enfermedad(id_enfermedad, id_tipo_enf, nombre_enfermedad) VALUES (354, 14, 'Hiperactividad TDAH ');
INSERT INTO enfermedad(id_enfermedad, id_tipo_enf, nombre_enfermedad) VALUES (355, 14, 'Narcolepsia');
INSERT INTO enfermedad(id_enfermedad, id_tipo_enf, nombre_enfermedad) VALUES (356, 14, 'Paralisis cerebral');
INSERT INTO enfermedad(id_enfermedad, id_tipo_enf, nombre_enfermedad) VALUES (357, 14, 'Sindrome de Tourette');
INSERT INTO enfermedad(id_enfermedad, id_tipo_enf, nombre_enfermedad) VALUES (358, 14, 'Trastorno bipolar');
INSERT INTO enfermedad(id_enfermedad, id_tipo_enf, nombre_enfermedad) VALUES (359, 14, 'Trastorno obsesivo compulsivo');
INSERT INTO enfermedad(id_enfermedad, id_tipo_enf, nombre_enfermedad) VALUES (360, 15, 'Alzheimer');
INSERT INTO enfermedad(id_enfermedad, id_tipo_enf, nombre_enfermedad) VALUES (361, 15, 'Ataxia');
INSERT INTO enfermedad(id_enfermedad, id_tipo_enf, nombre_enfermedad) VALUES (362, 15, 'Bruxismo');
INSERT INTO enfermedad(id_enfermedad, id_tipo_enf, nombre_enfermedad) VALUES (363, 15, 'Demencia');
INSERT INTO enfermedad(id_enfermedad, id_tipo_enf, nombre_enfermedad) VALUES (364, 15, 'Demencia con cuerpos de Lewy');
INSERT INTO enfermedad(id_enfermedad, id_tipo_enf, nombre_enfermedad) VALUES (365, 15, 'Demencia vascular');
INSERT INTO enfermedad(id_enfermedad, id_tipo_enf, nombre_enfermedad) VALUES (366, 15, 'Dislexia');
INSERT INTO enfermedad(id_enfermedad, id_tipo_enf, nombre_enfermedad) VALUES (367, 15, 'Distonia');
INSERT INTO enfermedad(id_enfermedad, id_tipo_enf, nombre_enfermedad) VALUES (368, 15, 'Distrofia muscular de Duchenne');
INSERT INTO enfermedad(id_enfermedad, id_tipo_enf, nombre_enfermedad) VALUES (369, 15, 'Encefalitis');
INSERT INTO enfermedad(id_enfermedad, id_tipo_enf, nombre_enfermedad) VALUES (370, 15, 'Enfermedad de Huntington');
INSERT INTO enfermedad(id_enfermedad, id_tipo_enf, nombre_enfermedad) VALUES (371, 15, 'Epilepsia');
INSERT INTO enfermedad(id_enfermedad, id_tipo_enf, nombre_enfermedad) VALUES (372, 15, 'Esclerosis lateral amiotrofica');
INSERT INTO enfermedad(id_enfermedad, id_tipo_enf, nombre_enfermedad) VALUES (373, 15, 'Esclerosis multiple');
INSERT INTO enfermedad(id_enfermedad, id_tipo_enf, nombre_enfermedad) VALUES (374, 15, 'Hipoacusia');
INSERT INTO enfermedad(id_enfermedad, id_tipo_enf, nombre_enfermedad) VALUES (375, 15, 'Ictus');
INSERT INTO enfermedad(id_enfermedad, id_tipo_enf, nombre_enfermedad) VALUES (376, 15, 'Insomnio');
INSERT INTO enfermedad(id_enfermedad, id_tipo_enf, nombre_enfermedad) VALUES (377, 15, 'Insomnio familiar fatal');
INSERT INTO enfermedad(id_enfermedad, id_tipo_enf, nombre_enfermedad) VALUES (378, 15, 'Meningitis');
INSERT INTO enfermedad(id_enfermedad, id_tipo_enf, nombre_enfermedad) VALUES (379, 15, 'Miastenia gravis');
INSERT INTO enfermedad(id_enfermedad, id_tipo_enf, nombre_enfermedad) VALUES (380, 15, 'Migrana');
INSERT INTO enfermedad(id_enfermedad, id_tipo_enf, nombre_enfermedad) VALUES (381, 15, 'Neuralgia del trigemino');
INSERT INTO enfermedad(id_enfermedad, id_tipo_enf, nombre_enfermedad) VALUES (382, 15, 'Neurofibromatosis');
INSERT INTO enfermedad(id_enfermedad, id_tipo_enf, nombre_enfermedad) VALUES (383, 15, 'Paralisis cerebral');
INSERT INTO enfermedad(id_enfermedad, id_tipo_enf, nombre_enfermedad) VALUES (384, 15, 'Parkinson');
INSERT INTO enfermedad(id_enfermedad, id_tipo_enf, nombre_enfermedad) VALUES (385, 15, 'Poliomielitis');
INSERT INTO enfermedad(id_enfermedad, id_tipo_enf, nombre_enfermedad) VALUES (386, 15, 'Sindrome de Angelman');
INSERT INTO enfermedad(id_enfermedad, id_tipo_enf, nombre_enfermedad) VALUES (387, 15, 'Sindrome de fatiga cronica');
INSERT INTO enfermedad(id_enfermedad, id_tipo_enf, nombre_enfermedad) VALUES (388, 15, 'Sindrome de GuillainBarre ');
INSERT INTO enfermedad(id_enfermedad, id_tipo_enf, nombre_enfermedad) VALUES (389, 15, 'Sindrome de piernas inquietas');
INSERT INTO enfermedad(id_enfermedad, id_tipo_enf, nombre_enfermedad) VALUES (390, 15, 'Sindrome de Reye');
INSERT INTO enfermedad(id_enfermedad, id_tipo_enf, nombre_enfermedad) VALUES (391, 15, 'Sindrome de Tourette');
INSERT INTO enfermedad(id_enfermedad, id_tipo_enf, nombre_enfermedad) VALUES (392, 15, 'Sindrome del tunel carpiano');
INSERT INTO enfermedad(id_enfermedad, id_tipo_enf, nombre_enfermedad) VALUES (393, 15, 'Siringomielia ');
INSERT INTO enfermedad(id_enfermedad, id_tipo_enf, nombre_enfermedad) VALUES (394, 15, 'Traumatismo craneal');
INSERT INTO enfermedad(id_enfermedad, id_tipo_enf, nombre_enfermedad) VALUES (395, 15, 'Tumores cerebrales');
INSERT INTO enfermedad(id_enfermedad, id_tipo_enf, nombre_enfermedad) VALUES (396, 15, 'Vertigo');
INSERT INTO enfermedad(id_enfermedad, id_tipo_enf, nombre_enfermedad) VALUES (397, 16, 'Artrosis');
INSERT INTO enfermedad(id_enfermedad, id_tipo_enf, nombre_enfermedad) VALUES (398, 16, 'Cancer oseo');
INSERT INTO enfermedad(id_enfermedad, id_tipo_enf, nombre_enfermedad) VALUES (399, 16, 'Ciatica');
INSERT INTO enfermedad(id_enfermedad, id_tipo_enf, nombre_enfermedad) VALUES (400, 16, 'Contusiones');
INSERT INTO enfermedad(id_enfermedad, id_tipo_enf, nombre_enfermedad) VALUES (401, 16, 'Distrofia muscular de Duchenne');
INSERT INTO enfermedad(id_enfermedad, id_tipo_enf, nombre_enfermedad) VALUES (402, 16, 'Enfermedad de Paget');
INSERT INTO enfermedad(id_enfermedad, id_tipo_enf, nombre_enfermedad) VALUES (403, 16, 'Escoliosis');
INSERT INTO enfermedad(id_enfermedad, id_tipo_enf, nombre_enfermedad) VALUES (404, 16, 'Fascitis plantar');
INSERT INTO enfermedad(id_enfermedad, id_tipo_enf, nombre_enfermedad) VALUES (405, 16, 'Fractura de dedo');
INSERT INTO enfermedad(id_enfermedad, id_tipo_enf, nombre_enfermedad) VALUES (406, 16, 'Fractura nasal');
INSERT INTO enfermedad(id_enfermedad, id_tipo_enf, nombre_enfermedad) VALUES (407, 16, 'Hernia discal');
INSERT INTO enfermedad(id_enfermedad, id_tipo_enf, nombre_enfermedad) VALUES (408, 16, 'Lesiones maxilares');
INSERT INTO enfermedad(id_enfermedad, id_tipo_enf, nombre_enfermedad) VALUES (409, 16, 'Lumbalgia');
INSERT INTO enfermedad(id_enfermedad, id_tipo_enf, nombre_enfermedad) VALUES (410, 16, 'Luxaciones');
INSERT INTO enfermedad(id_enfermedad, id_tipo_enf, nombre_enfermedad) VALUES (411, 16, 'Osteomalacia');
INSERT INTO enfermedad(id_enfermedad, id_tipo_enf, nombre_enfermedad) VALUES (412, 16, 'Osteomielitis');
INSERT INTO enfermedad(id_enfermedad, id_tipo_enf, nombre_enfermedad) VALUES (413, 16, 'Osteonecrosis');
INSERT INTO enfermedad(id_enfermedad, id_tipo_enf, nombre_enfermedad) VALUES (414, 16, 'Osteoporosis');
INSERT INTO enfermedad(id_enfermedad, id_tipo_enf, nombre_enfermedad) VALUES (415, 16, 'Rizartrosis');
INSERT INTO enfermedad(id_enfermedad, id_tipo_enf, nombre_enfermedad) VALUES (416, 16, 'Tendinitis');
INSERT INTO enfermedad(id_enfermedad, id_tipo_enf, nombre_enfermedad) VALUES (417, 16, 'Torticolis');
INSERT INTO enfermedad(id_enfermedad, id_tipo_enf, nombre_enfermedad) VALUES (418, 17, 'Accidentes en el agua');
INSERT INTO enfermedad(id_enfermedad, id_tipo_enf, nombre_enfermedad) VALUES (419, 17, 'Asma');
INSERT INTO enfermedad(id_enfermedad, id_tipo_enf, nombre_enfermedad) VALUES (420, 17, 'Autismo');
INSERT INTO enfermedad(id_enfermedad, id_tipo_enf, nombre_enfermedad) VALUES (421, 17, 'Cuerpos extranos');
INSERT INTO enfermedad(id_enfermedad, id_tipo_enf, nombre_enfermedad) VALUES (422, 17, 'Deficit de la hormona del crecimiento');
INSERT INTO enfermedad(id_enfermedad, id_tipo_enf, nombre_enfermedad) VALUES (423, 17, 'Difteria');
INSERT INTO enfermedad(id_enfermedad, id_tipo_enf, nombre_enfermedad) VALUES (424, 17, 'Encefalitis');
INSERT INTO enfermedad(id_enfermedad, id_tipo_enf, nombre_enfermedad) VALUES (425, 17, 'Enfermedad de Kawasaki');
INSERT INTO enfermedad(id_enfermedad, id_tipo_enf, nombre_enfermedad) VALUES (426, 17, 'Escoliosis');
INSERT INTO enfermedad(id_enfermedad, id_tipo_enf, nombre_enfermedad) VALUES (427, 17, 'Galactosemia');
INSERT INTO enfermedad(id_enfermedad, id_tipo_enf, nombre_enfermedad) VALUES (428, 17, 'Gastroenteritis');
INSERT INTO enfermedad(id_enfermedad, id_tipo_enf, nombre_enfermedad) VALUES (429, 17, 'Hiperactividad TDAH ');
INSERT INTO enfermedad(id_enfermedad, id_tipo_enf, nombre_enfermedad) VALUES (430, 17, 'Hipoacusia');
INSERT INTO enfermedad(id_enfermedad, id_tipo_enf, nombre_enfermedad) VALUES (431, 17, 'Impetigo');
INSERT INTO enfermedad(id_enfermedad, id_tipo_enf, nombre_enfermedad) VALUES (432, 17, 'Meningitis');
INSERT INTO enfermedad(id_enfermedad, id_tipo_enf, nombre_enfermedad) VALUES (433, 17, 'Microcefalia');
INSERT INTO enfermedad(id_enfermedad, id_tipo_enf, nombre_enfermedad) VALUES (434, 17, 'Norovirus');
INSERT INTO enfermedad(id_enfermedad, id_tipo_enf, nombre_enfermedad) VALUES (435, 17, 'Obesidad infantil');
INSERT INTO enfermedad(id_enfermedad, id_tipo_enf, nombre_enfermedad) VALUES (436, 17, 'Otitis');
INSERT INTO enfermedad(id_enfermedad, id_tipo_enf, nombre_enfermedad) VALUES (437, 17, 'Poliomielitis');
INSERT INTO enfermedad(id_enfermedad, id_tipo_enf, nombre_enfermedad) VALUES (438, 17, 'Rubeola');
INSERT INTO enfermedad(id_enfermedad, id_tipo_enf, nombre_enfermedad) VALUES (439, 17, 'Sarampion');
INSERT INTO enfermedad(id_enfermedad, id_tipo_enf, nombre_enfermedad) VALUES (440, 17, 'Sindrome de Reye');
INSERT INTO enfermedad(id_enfermedad, id_tipo_enf, nombre_enfermedad) VALUES (441, 17, 'Sindrome de Sanfilippo');
INSERT INTO enfermedad(id_enfermedad, id_tipo_enf, nombre_enfermedad) VALUES (442, 17, 'Tos ferina');
INSERT INTO enfermedad(id_enfermedad, id_tipo_enf, nombre_enfermedad) VALUES (443, 17, 'Varicela');
INSERT INTO enfermedad(id_enfermedad, id_tipo_enf, nombre_enfermedad) VALUES (444, 18, 'Ataxia');
INSERT INTO enfermedad(id_enfermedad, id_tipo_enf, nombre_enfermedad) VALUES (445, 18, 'Distrofia muscular de Duchenne');
INSERT INTO enfermedad(id_enfermedad, id_tipo_enf, nombre_enfermedad) VALUES (446, 18, 'Enfermedad de Behcet');
INSERT INTO enfermedad(id_enfermedad, id_tipo_enf, nombre_enfermedad) VALUES (447, 18, 'Enfermedad de Huntington');
INSERT INTO enfermedad(id_enfermedad, id_tipo_enf, nombre_enfermedad) VALUES (448, 18, 'Enfermedad de Kawasaki');
INSERT INTO enfermedad(id_enfermedad, id_tipo_enf, nombre_enfermedad) VALUES (449, 18, 'Enfermedades raras');
INSERT INTO enfermedad(id_enfermedad, id_tipo_enf, nombre_enfermedad) VALUES (450, 18, 'Esclerodermia');
INSERT INTO enfermedad(id_enfermedad, id_tipo_enf, nombre_enfermedad) VALUES (451, 18, 'Esclerosis lateral amiotrofica');
INSERT INTO enfermedad(id_enfermedad, id_tipo_enf, nombre_enfermedad) VALUES (452, 18, 'Fenilcetonuria');
INSERT INTO enfermedad(id_enfermedad, id_tipo_enf, nombre_enfermedad) VALUES (453, 18, 'Fibrosis quistica');
INSERT INTO enfermedad(id_enfermedad, id_tipo_enf, nombre_enfermedad) VALUES (454, 18, 'Hemofilia');
INSERT INTO enfermedad(id_enfermedad, id_tipo_enf, nombre_enfermedad) VALUES (455, 18, 'Lipodistrofia');
INSERT INTO enfermedad(id_enfermedad, id_tipo_enf, nombre_enfermedad) VALUES (456, 18, 'Lupus');
INSERT INTO enfermedad(id_enfermedad, id_tipo_enf, nombre_enfermedad) VALUES (457, 18, 'Miastenia gravis');
INSERT INTO enfermedad(id_enfermedad, id_tipo_enf, nombre_enfermedad) VALUES (458, 18, 'Microcefalia');
INSERT INTO enfermedad(id_enfermedad, id_tipo_enf, nombre_enfermedad) VALUES (459, 18, 'Osteonecrosis');
INSERT INTO enfermedad(id_enfermedad, id_tipo_enf, nombre_enfermedad) VALUES (460, 18, 'Policitemia vera');
INSERT INTO enfermedad(id_enfermedad, id_tipo_enf, nombre_enfermedad) VALUES (461, 18, 'Poliomielitis');
INSERT INTO enfermedad(id_enfermedad, id_tipo_enf, nombre_enfermedad) VALUES (462, 18, 'Retinosis pigmentaria');
INSERT INTO enfermedad(id_enfermedad, id_tipo_enf, nombre_enfermedad) VALUES (463, 18, 'Sarcoidosis');
INSERT INTO enfermedad(id_enfermedad, id_tipo_enf, nombre_enfermedad) VALUES (464, 18, 'Sensibilidad quimica multiple');
INSERT INTO enfermedad(id_enfermedad, id_tipo_enf, nombre_enfermedad) VALUES (465, 18, 'Sindrome de Angelman');
INSERT INTO enfermedad(id_enfermedad, id_tipo_enf, nombre_enfermedad) VALUES (466, 18, 'Sindrome de Cushing');
INSERT INTO enfermedad(id_enfermedad, id_tipo_enf, nombre_enfermedad) VALUES (467, 18, 'Sindrome de GuillainBarre ');
INSERT INTO enfermedad(id_enfermedad, id_tipo_enf, nombre_enfermedad) VALUES (468, 18, 'Sindrome de Klinefelter');
INSERT INTO enfermedad(id_enfermedad, id_tipo_enf, nombre_enfermedad) VALUES (469, 18, 'Sindrome de Noonan');
INSERT INTO enfermedad(id_enfermedad, id_tipo_enf, nombre_enfermedad) VALUES (470, 18, 'Sindrome de Patau');
INSERT INTO enfermedad(id_enfermedad, id_tipo_enf, nombre_enfermedad) VALUES (471, 18, 'Sindrome de Rett');
INSERT INTO enfermedad(id_enfermedad, id_tipo_enf, nombre_enfermedad) VALUES (472, 18, 'Sindrome de Sanfilippo');
INSERT INTO enfermedad(id_enfermedad, id_tipo_enf, nombre_enfermedad) VALUES (473, 18, 'Sindrome de Turner');
INSERT INTO enfermedad(id_enfermedad, id_tipo_enf, nombre_enfermedad) VALUES (474, 18, 'Sindrome de Williams');
INSERT INTO enfermedad(id_enfermedad, id_tipo_enf, nombre_enfermedad) VALUES (475, 18, 'Sindrome de X Fragil');
INSERT INTO enfermedad(id_enfermedad, id_tipo_enf, nombre_enfermedad) VALUES (476, 18, 'Siringomielia ');
INSERT INTO enfermedad(id_enfermedad, id_tipo_enf, nombre_enfermedad) VALUES (477, 19, 'Alergia');
INSERT INTO enfermedad(id_enfermedad, id_tipo_enf, nombre_enfermedad) VALUES (478, 19, 'Apnea del sueno');
INSERT INTO enfermedad(id_enfermedad, id_tipo_enf, nombre_enfermedad) VALUES (479, 19, 'Asma');
INSERT INTO enfermedad(id_enfermedad, id_tipo_enf, nombre_enfermedad) VALUES (480, 19, 'Atragantamiento');
INSERT INTO enfermedad(id_enfermedad, id_tipo_enf, nombre_enfermedad) VALUES (481, 19, 'Bronquiectasias');
INSERT INTO enfermedad(id_enfermedad, id_tipo_enf, nombre_enfermedad) VALUES (482, 19, 'Bronquiolitis obliterante');
INSERT INTO enfermedad(id_enfermedad, id_tipo_enf, nombre_enfermedad) VALUES (483, 19, 'Bronquitis');
INSERT INTO enfermedad(id_enfermedad, id_tipo_enf, nombre_enfermedad) VALUES (484, 19, 'Catarro');
INSERT INTO enfermedad(id_enfermedad, id_tipo_enf, nombre_enfermedad) VALUES (485, 19, 'Congestion nasal');
INSERT INTO enfermedad(id_enfermedad, id_tipo_enf, nombre_enfermedad) VALUES (486, 19, 'Edema pulmonar');
INSERT INTO enfermedad(id_enfermedad, id_tipo_enf, nombre_enfermedad) VALUES (487, 19, 'EPOC');
INSERT INTO enfermedad(id_enfermedad, id_tipo_enf, nombre_enfermedad) VALUES (488, 19, 'Faringitis');
INSERT INTO enfermedad(id_enfermedad, id_tipo_enf, nombre_enfermedad) VALUES (489, 19, 'Fibrosis quistica');
INSERT INTO enfermedad(id_enfermedad, id_tipo_enf, nombre_enfermedad) VALUES (490, 19, 'Gripe');
INSERT INTO enfermedad(id_enfermedad, id_tipo_enf, nombre_enfermedad) VALUES (491, 19, 'Hantavirus');
INSERT INTO enfermedad(id_enfermedad, id_tipo_enf, nombre_enfermedad) VALUES (492, 19, 'Laringitis');
INSERT INTO enfermedad(id_enfermedad, id_tipo_enf, nombre_enfermedad) VALUES (493, 19, 'Legionella');
INSERT INTO enfermedad(id_enfermedad, id_tipo_enf, nombre_enfermedad) VALUES (494, 19, 'Mal agudo de montana');
INSERT INTO enfermedad(id_enfermedad, id_tipo_enf, nombre_enfermedad) VALUES (495, 19, 'MERS');
INSERT INTO enfermedad(id_enfermedad, id_tipo_enf, nombre_enfermedad) VALUES (496, 19, 'Neumonia');
INSERT INTO enfermedad(id_enfermedad, id_tipo_enf, nombre_enfermedad) VALUES (497, 19, 'Neumotorax');
INSERT INTO enfermedad(id_enfermedad, id_tipo_enf, nombre_enfermedad) VALUES (498, 19, 'Rinitis');
INSERT INTO enfermedad(id_enfermedad, id_tipo_enf, nombre_enfermedad) VALUES (499, 19, 'Sinusitis');
INSERT INTO enfermedad(id_enfermedad, id_tipo_enf, nombre_enfermedad) VALUES (500, 19, 'Tos ferina');
INSERT INTO enfermedad(id_enfermedad, id_tipo_enf, nombre_enfermedad) VALUES (501, 19, 'Traqueitis');
INSERT INTO enfermedad(id_enfermedad, id_tipo_enf, nombre_enfermedad) VALUES (502, 19, 'Tromboembolismo pulmonar');
INSERT INTO enfermedad(id_enfermedad, id_tipo_enf, nombre_enfermedad) VALUES (503, 20, 'Artritis reumatoide');
INSERT INTO enfermedad(id_enfermedad, id_tipo_enf, nombre_enfermedad) VALUES (504, 20, 'Artrosis');
INSERT INTO enfermedad(id_enfermedad, id_tipo_enf, nombre_enfermedad) VALUES (505, 20, 'Enfermedad de Behcet');
INSERT INTO enfermedad(id_enfermedad, id_tipo_enf, nombre_enfermedad) VALUES (506, 20, 'Espondilitis anquilosante');
INSERT INTO enfermedad(id_enfermedad, id_tipo_enf, nombre_enfermedad) VALUES (507, 20, 'Fibromialgia');
INSERT INTO enfermedad(id_enfermedad, id_tipo_enf, nombre_enfermedad) VALUES (508, 20, 'Gota');
INSERT INTO enfermedad(id_enfermedad, id_tipo_enf, nombre_enfermedad) VALUES (509, 20, 'Juanetes');
INSERT INTO enfermedad(id_enfermedad, id_tipo_enf, nombre_enfermedad) VALUES (510, 20, 'Lumbalgia');
INSERT INTO enfermedad(id_enfermedad, id_tipo_enf, nombre_enfermedad) VALUES (511, 20, 'Lupus');
INSERT INTO enfermedad(id_enfermedad, id_tipo_enf, nombre_enfermedad) VALUES (512, 20, 'Osteoporosis');
INSERT INTO enfermedad(id_enfermedad, id_tipo_enf, nombre_enfermedad) VALUES (513, 20, 'Rizartrosis');
INSERT INTO enfermedad(id_enfermedad, id_tipo_enf, nombre_enfermedad) VALUES (514, 20, 'Sarcoidosis');
INSERT INTO enfermedad(id_enfermedad, id_tipo_enf, nombre_enfermedad) VALUES (515, 20, 'Sindrome del tunel carpiano');
INSERT INTO enfermedad(id_enfermedad, id_tipo_enf, nombre_enfermedad) VALUES (516, 21, 'Balanitis');
INSERT INTO enfermedad(id_enfermedad, id_tipo_enf, nombre_enfermedad) VALUES (517, 21, 'Cancer de prostata');
INSERT INTO enfermedad(id_enfermedad, id_tipo_enf, nombre_enfermedad) VALUES (518, 21, 'Cancer de vejiga');
INSERT INTO enfermedad(id_enfermedad, id_tipo_enf, nombre_enfermedad) VALUES (519, 21, 'Chancroide');
INSERT INTO enfermedad(id_enfermedad, id_tipo_enf, nombre_enfermedad) VALUES (520, 21, 'Cistitis');
INSERT INTO enfermedad(id_enfermedad, id_tipo_enf, nombre_enfermedad) VALUES (521, 21, 'Colico nefritico');
INSERT INTO enfermedad(id_enfermedad, id_tipo_enf, nombre_enfermedad) VALUES (522, 21, 'Disfuncion erectil');
INSERT INTO enfermedad(id_enfermedad, id_tipo_enf, nombre_enfermedad) VALUES (523, 21, 'Enfermedad de La Peyronie');
INSERT INTO enfermedad(id_enfermedad, id_tipo_enf, nombre_enfermedad) VALUES (524, 21, 'Enfermedades de Transmision Sexual');
INSERT INTO enfermedad(id_enfermedad, id_tipo_enf, nombre_enfermedad) VALUES (525, 21, 'Eyaculacion precoz');
INSERT INTO enfermedad(id_enfermedad, id_tipo_enf, nombre_enfermedad) VALUES (526, 21, 'Hiperplasia benigna de prostata');
INSERT INTO enfermedad(id_enfermedad, id_tipo_enf, nombre_enfermedad) VALUES (527, 21, 'Infecciones urinarias');
INSERT INTO enfermedad(id_enfermedad, id_tipo_enf, nombre_enfermedad) VALUES (528, 21, 'Litiasis biliar');
INSERT INTO enfermedad(id_enfermedad, id_tipo_enf, nombre_enfermedad) VALUES (529, 21, 'Micoplasma genital');
INSERT INTO enfermedad(id_enfermedad, id_tipo_enf, nombre_enfermedad) VALUES (530, 21, 'Orquitis');
INSERT INTO enfermedad(id_enfermedad, id_tipo_enf, nombre_enfermedad) VALUES (531, 21, 'Pielonefritis');
INSERT INTO enfermedad(id_enfermedad, id_tipo_enf, nombre_enfermedad) VALUES (532, 21, 'Priapismo');
INSERT INTO enfermedad(id_enfermedad, id_tipo_enf, nombre_enfermedad) VALUES (533, 21, 'Prostatitis');
INSERT INTO enfermedad(id_enfermedad, id_tipo_enf, nombre_enfermedad) VALUES (534, 21, 'Uretritis');
INSERT INTO enfermedad(id_enfermedad, id_tipo_enf, nombre_enfermedad) VALUES (535, 21, 'Varicocele');
INSERT INTO enfermedad(id_enfermedad, id_tipo_enf, nombre_enfermedad) VALUES (536, 22, 'Citomegalovirus');
INSERT INTO enfermedad(id_enfermedad, id_tipo_enf, nombre_enfermedad) VALUES (537, 22, 'Diabetes gestacional');
INSERT INTO enfermedad(id_enfermedad, id_tipo_enf, nombre_enfermedad) VALUES (538, 22, 'Listeriosis');
INSERT INTO enfermedad(id_enfermedad, id_tipo_enf, nombre_enfermedad) VALUES (539, 22, 'Miomatosis uterina');
INSERT INTO enfermedad(id_enfermedad, id_tipo_enf, nombre_enfermedad) VALUES (540, 22, 'Rubeola');
INSERT INTO enfermedad(id_enfermedad, id_tipo_enf, nombre_enfermedad) VALUES (541, 22, 'Toxoplasmosis');
INSERT INTO enfermedad(id_enfermedad, id_tipo_enf, nombre_enfermedad) VALUES (542, 22, 'Virus Zika');
INSERT INTO enfermedad(id_enfermedad, id_tipo_enf, nombre_enfermedad) VALUES (543, 23, 'Colesteatoma');
INSERT INTO enfermedad(id_enfermedad, id_tipo_enf, nombre_enfermedad) VALUES (544, 23, 'Hipoacusia');
INSERT INTO enfermedad(id_enfermedad, id_tipo_enf, nombre_enfermedad) VALUES (545, 23, 'Otitis');
INSERT INTO enfermedad(id_enfermedad, id_tipo_enf, nombre_enfermedad) VALUES (546, 23, 'Presbiacusia');
INSERT INTO enfermedad(id_enfermedad, id_tipo_enf, nombre_enfermedad) VALUES (547, 23, 'Tinnitus');
INSERT INTO enfermedad(id_enfermedad, id_tipo_enf, nombre_enfermedad) VALUES (548, 23, 'Vertigo');
INSERT INTO enfermedad(id_enfermedad, id_tipo_enf, nombre_enfermedad) VALUES (549, 24, 'Cancer');
INSERT INTO enfermedad(id_enfermedad, id_tipo_enf, nombre_enfermedad) VALUES (550, 24, 'Cancer de cabeza y cuello');
INSERT INTO enfermedad(id_enfermedad, id_tipo_enf, nombre_enfermedad) VALUES (551, 24, 'Cancer de colon');
INSERT INTO enfermedad(id_enfermedad, id_tipo_enf, nombre_enfermedad) VALUES (552, 24, 'Cancer de cuello de utero');
INSERT INTO enfermedad(id_enfermedad, id_tipo_enf, nombre_enfermedad) VALUES (553, 24, 'Cancer de esofago');
INSERT INTO enfermedad(id_enfermedad, id_tipo_enf, nombre_enfermedad) VALUES (554, 24, 'Cancer de estomago');
INSERT INTO enfermedad(id_enfermedad, id_tipo_enf, nombre_enfermedad) VALUES (555, 24, 'Cancer de higado');
INSERT INTO enfermedad(id_enfermedad, id_tipo_enf, nombre_enfermedad) VALUES (556, 24, 'Cancer de laringe');
INSERT INTO enfermedad(id_enfermedad, id_tipo_enf, nombre_enfermedad) VALUES (557, 24, 'Cancer de mama');
INSERT INTO enfermedad(id_enfermedad, id_tipo_enf, nombre_enfermedad) VALUES (558, 24, 'Cancer de ovario');
INSERT INTO enfermedad(id_enfermedad, id_tipo_enf, nombre_enfermedad) VALUES (559, 24, 'Cancer de pancreas');
INSERT INTO enfermedad(id_enfermedad, id_tipo_enf, nombre_enfermedad) VALUES (560, 24, 'Cancer de pene');
INSERT INTO enfermedad(id_enfermedad, id_tipo_enf, nombre_enfermedad) VALUES (561, 24, 'Cancer de piel');
INSERT INTO enfermedad(id_enfermedad, id_tipo_enf, nombre_enfermedad) VALUES (562, 24, 'Cancer de prostata');
INSERT INTO enfermedad(id_enfermedad, id_tipo_enf, nombre_enfermedad) VALUES (563, 24, 'Cancer de pulmon');
INSERT INTO enfermedad(id_enfermedad, id_tipo_enf, nombre_enfermedad) VALUES (564, 24, 'Cancer de rinon');
INSERT INTO enfermedad(id_enfermedad, id_tipo_enf, nombre_enfermedad) VALUES (565, 24, 'Cancer de testiculo');
INSERT INTO enfermedad(id_enfermedad, id_tipo_enf, nombre_enfermedad) VALUES (566, 24, 'Cancer de tiroides');
INSERT INTO enfermedad(id_enfermedad, id_tipo_enf, nombre_enfermedad) VALUES (567, 24, 'Cancer de vejiga');
INSERT INTO enfermedad(id_enfermedad, id_tipo_enf, nombre_enfermedad) VALUES (568, 24, 'Cancer oral');
INSERT INTO enfermedad(id_enfermedad, id_tipo_enf, nombre_enfermedad) VALUES (569, 24, 'Cancer oseo');
INSERT INTO enfermedad(id_enfermedad, id_tipo_enf, nombre_enfermedad) VALUES (570, 24, 'Leucemia');
INSERT INTO enfermedad(id_enfermedad, id_tipo_enf, nombre_enfermedad) VALUES (571, 24, 'Melanoma');
INSERT INTO enfermedad(id_enfermedad, id_tipo_enf, nombre_enfermedad) VALUES (572, 24, 'Mesotelioma');
INSERT INTO enfermedad(id_enfermedad, id_tipo_enf, nombre_enfermedad) VALUES (573, 24, 'Mieloma multiple');
INSERT INTO enfermedad(id_enfermedad, id_tipo_enf, nombre_enfermedad) VALUES (574, 24, 'Sarcoma de tejidos blandos');
INSERT INTO enfermedad(id_enfermedad, id_tipo_enf, nombre_enfermedad) VALUES (575, 24, 'Tumores cerebrales');
INSERT INTO enfermedad(id_enfermedad, id_tipo_enf, nombre_enfermedad) VALUES (576, 25, 'Accidentes de trafico');
INSERT INTO enfermedad(id_enfermedad, id_tipo_enf, nombre_enfermedad) VALUES (577, 25, 'Accidentes electricos');
INSERT INTO enfermedad(id_enfermedad, id_tipo_enf, nombre_enfermedad) VALUES (578, 25, 'Accidentes en el agua');
INSERT INTO enfermedad(id_enfermedad, id_tipo_enf, nombre_enfermedad) VALUES (579, 25, 'Accidentes quimicos');
INSERT INTO enfermedad(id_enfermedad, id_tipo_enf, nombre_enfermedad) VALUES (580, 25, 'Alud');
INSERT INTO enfermedad(id_enfermedad, id_tipo_enf, nombre_enfermedad) VALUES (581, 25, 'Atragantamiento');
INSERT INTO enfermedad(id_enfermedad, id_tipo_enf, nombre_enfermedad) VALUES (582, 25, 'Congelamiento');
INSERT INTO enfermedad(id_enfermedad, id_tipo_enf, nombre_enfermedad) VALUES (583, 25, 'Corte de digestion');
INSERT INTO enfermedad(id_enfermedad, id_tipo_enf, nombre_enfermedad) VALUES (584, 25, 'Cuerpos extranos');
INSERT INTO enfermedad(id_enfermedad, id_tipo_enf, nombre_enfermedad) VALUES (585, 25, 'Fractura de dedo');
INSERT INTO enfermedad(id_enfermedad, id_tipo_enf, nombre_enfermedad) VALUES (586, 25, 'Fractura nasal');
INSERT INTO enfermedad(id_enfermedad, id_tipo_enf, nombre_enfermedad) VALUES (587, 25, 'Golpe de calor');
INSERT INTO enfermedad(id_enfermedad, id_tipo_enf, nombre_enfermedad) VALUES (588, 25, 'Herida por arma de fuego');
INSERT INTO enfermedad(id_enfermedad, id_tipo_enf, nombre_enfermedad) VALUES (589, 25, 'Hipotermia');
INSERT INTO enfermedad(id_enfermedad, id_tipo_enf, nombre_enfermedad) VALUES (590, 25, 'Incendios');
INSERT INTO enfermedad(id_enfermedad, id_tipo_enf, nombre_enfermedad) VALUES (591, 25, 'Intoxicacion etilica');
INSERT INTO enfermedad(id_enfermedad, id_tipo_enf, nombre_enfermedad) VALUES (592, 25, 'Intoxicacion por monoxido de carbono');
INSERT INTO enfermedad(id_enfermedad, id_tipo_enf, nombre_enfermedad) VALUES (593, 25, 'Intoxicaciones');
INSERT INTO enfermedad(id_enfermedad, id_tipo_enf, nombre_enfermedad) VALUES (594, 25, 'Mal agudo de montana');
INSERT INTO enfermedad(id_enfermedad, id_tipo_enf, nombre_enfermedad) VALUES (595, 25, 'Mordeduras de animales');
INSERT INTO enfermedad(id_enfermedad, id_tipo_enf, nombre_enfermedad) VALUES (596, 25, 'Picaduras de insectos');
INSERT INTO enfermedad(id_enfermedad, id_tipo_enf, nombre_enfermedad) VALUES (597, 25, 'Quemaduras');
INSERT INTO enfermedad(id_enfermedad, id_tipo_enf, nombre_enfermedad) VALUES (598, 25, 'Rescate en montana');
INSERT INTO enfermedad(id_enfermedad, id_tipo_enf, nombre_enfermedad) VALUES (599, 25, 'Sobredosis');
INSERT INTO enfermedad(id_enfermedad, id_tipo_enf, nombre_enfermedad) VALUES (600, 25, 'Terremotos ');

INSERT INTO paciente (id_paciente, nombres_emergencia, apellidos_emergencia, telefono_emergencia, id_usuario) VALUES (1, 'Maria', 'Granados', '2595-8969', 12);
INSERT INTO paciente (id_paciente, nombres_emergencia, apellidos_emergencia, telefono_emergencia, id_usuario) VALUES (2, 'Eduardo', 'Estrada', '7598-9865', 13);
INSERT INTO paciente (id_paciente, nombres_emergencia, apellidos_emergencia, telefono_emergencia, id_usuario) VALUES (3, 'Carlos', 'Medrano', '2569-9878', 14);
INSERT INTO paciente (id_paciente, nombres_emergencia, apellidos_emergencia, telefono_emergencia, id_usuario) VALUES (4, 'Alejandra', 'Perez', '7598-9693', 15);


INSERT INTO historial_clinico (id_historial, fecha_historial, activo_historial, id_enfermedad, id_paciente) VALUES (1, '01-01-2009', 1, 5, 1);
INSERT INTO historial_clinico (id_historial, fecha_historial, activo_historial, id_enfermedad, id_paciente) VALUES (2, '05-06-2012', 1, 8, 1);
INSERT INTO historial_clinico (id_historial, fecha_historial, activo_historial, id_enfermedad, id_paciente) VALUES (3, '12-10-2018', 1, 25, 1);
INSERT INTO historial_clinico (id_historial, fecha_historial, activo_historial, id_enfermedad, id_paciente) VALUES (4, '05-08-2010', 0, 30, 1);
INSERT INTO historial_clinico (id_historial, fecha_historial, activo_historial, id_enfermedad, id_paciente) VALUES (5, '30-12-2011', 1, 100, 2);
INSERT INTO historial_clinico (id_historial, fecha_historial, activo_historial, id_enfermedad, id_paciente) VALUES (6, '15-02-2005', 1, 200, 3);
INSERT INTO historial_clinico (id_historial, fecha_historial, activo_historial, id_enfermedad, id_paciente) VALUES (7, '20-03-2016', 1, 59, 4);
INSERT INTO historial_clinico (id_historial, fecha_historial, activo_historial, id_enfermedad, id_paciente) VALUES (8, '24-11-2008', 0, 300, 4);

INSERT INTO consulta (id_consulta, fecha_consulta, hora_consulta, peso, temperatura, estatura, presion_arterial, ritmo_cardiaco, sintoma, id_paciente, id_usuario, id_enfermedad) VALUES (1, '12-06-2019', 8, 50.2, 35.0, 160, '120/70', 60, 'Dolor de cabeza y fiebre', 1, 3, 34);
INSERT INTO consulta (id_consulta, fecha_consulta, hora_consulta, peso, temperatura, estatura, presion_arterial, ritmo_cardiaco, sintoma, id_paciente, id_usuario, id_enfermedad) VALUES (2, '12-06-2019', 14, 50.2, 35.0, 160, '120/70', 60, 'Dolor de cabeza y fiebre', 3, 5, 34);
INSERT INTO consulta (id_consulta, fecha_consulta, hora_consulta, peso, temperatura, estatura, presion_arterial, ritmo_cardiaco, sintoma, id_paciente, id_usuario, id_enfermedad) VALUES (3, '10-06-2019', 9, 50.2, 35.0, 160, '120/70', 60, 'Dolor de cabeza y fiebre', 2, 3, 34);
INSERT INTO consulta (id_consulta, fecha_consulta, hora_consulta, peso, temperatura, estatura, presion_arterial, ritmo_cardiaco, sintoma, id_paciente, id_usuario, id_enfermedad) VALUES (4, '11-06-2019', 10, 50.2, 35.0, 160, '120/70', 60, 'Dolor de cabeza y fiebre', 4, 5, 34);
INSERT INTO consulta (id_consulta, fecha_consulta, hora_consulta, peso, temperatura, estatura, presion_arterial, ritmo_cardiaco, sintoma, id_paciente, id_usuario, id_enfermedad) VALUES (5, '18-06-2019', 13, 50.2, 35.0, 160, '120/70', 60, 'Tos y fiebre', 1, 3, 34);
INSERT INTO consulta (id_consulta, fecha_consulta, hora_consulta, peso, temperatura, estatura, presion_arterial, ritmo_cardiaco, sintoma, id_paciente, id_usuario, id_enfermedad) VALUES (6, '20-06-2019', 11, 50.2, 35.0, 160, '120/70', 60, 'Tos y fiebre', 3, 5, 34);
INSERT INTO consulta (id_consulta, fecha_consulta, hora_consulta, peso, temperatura, estatura, presion_arterial, ritmo_cardiaco, sintoma, id_paciente, id_usuario, id_enfermedad) VALUES (7, '24-06-2019', 9, 50.2, 35.0, 160, '120/70', 60, 'Tos y fiebre', 2, 3, 34);
INSERT INTO consulta (id_consulta, fecha_consulta, hora_consulta, peso, temperatura, estatura, presion_arterial, ritmo_cardiaco, sintoma, id_paciente, id_usuario, id_enfermedad) VALUES (8, '24-06-2019', 16, 50.2, 35.0, 160, '120/70', 60, 'Tos y fiebre', 4, 5, 34);

INSERT INTO grupo_terapeutico(id_grupo_ter,nombre_grupo_ter)VALUES (1,'Analgesia')
INSERT INTO grupo_terapeutico(id_grupo_ter,nombre_grupo_ter)VALUES (2,'Anestesia')
INSERT INTO grupo_terapeutico(id_grupo_ter,nombre_grupo_ter)VALUES (3,'Cardiologia')
INSERT INTO grupo_terapeutico(id_grupo_ter,nombre_grupo_ter)VALUES (4,'Dermatologia')
INSERT INTO grupo_terapeutico(id_grupo_ter,nombre_grupo_ter)VALUES (5,'Enfermedades infecciosas y parasitarias')
INSERT INTO grupo_terapeutico(id_grupo_ter,nombre_grupo_ter)VALUES (6,'Gastroenterologia')
INSERT INTO grupo_terapeutico(id_grupo_ter,nombre_grupo_ter)VALUES (7,'Neumologia')
INSERT INTO grupo_terapeutico(id_grupo_ter,nombre_grupo_ter)VALUES (8,'Oncologia')

INSERT INTO medicamento(id_medicamento, id_grupo_ter, nombre_medicamento) VALUES (1, 1, 'Ibuprofeno');
INSERT INTO medicamento(id_medicamento, id_grupo_ter, nombre_medicamento) VALUES (2, 1, 'Paracetamol');
INSERT INTO medicamento(id_medicamento, id_grupo_ter, nombre_medicamento) VALUES (3, 1, 'Morfina');
INSERT INTO medicamento(id_medicamento, id_grupo_ter, nombre_medicamento) VALUES (4, 1, 'Oxicodona');
INSERT INTO medicamento(id_medicamento, id_grupo_ter, nombre_medicamento) VALUES (5, 2, 'Propofol');
INSERT INTO medicamento(id_medicamento, id_grupo_ter, nombre_medicamento) VALUES (6, 2, 'Ropivacaina');
INSERT INTO medicamento(id_medicamento, id_grupo_ter, nombre_medicamento) VALUES (7, 2, 'Vecuronio');
INSERT INTO medicamento(id_medicamento, id_grupo_ter, nombre_medicamento) VALUES (8, 2, 'Sevoflurano');
INSERT INTO medicamento(id_medicamento, id_grupo_ter, nombre_medicamento) VALUES (9, 3, 'Amlodipino');
INSERT INTO medicamento(id_medicamento, id_grupo_ter, nombre_medicamento) VALUES (10, 3, 'Vecuronio');
INSERT INTO medicamento(id_medicamento, id_grupo_ter, nombre_medicamento) VALUES (11, 3, 'Digoxina');
INSERT INTO medicamento(id_medicamento, id_grupo_ter, nombre_medicamento) VALUES (12, 3, 'Enalapril');
INSERT INTO medicamento(id_medicamento, id_grupo_ter, nombre_medicamento) VALUES (13, 4, 'Alibour');
INSERT INTO medicamento(id_medicamento, id_grupo_ter, nombre_medicamento) VALUES (14, 4, 'Benzoilo');
INSERT INTO medicamento(id_medicamento, id_grupo_ter, nombre_medicamento) VALUES (15, 4, 'Clioquinol');
INSERT INTO medicamento(id_medicamento, id_grupo_ter, nombre_medicamento) VALUES (16, 4, 'Tacalcinol');
INSERT INTO medicamento(id_medicamento, id_grupo_ter, nombre_medicamento) VALUES (17, 5, 'Ampicilina');
INSERT INTO medicamento(id_medicamento, id_grupo_ter, nombre_medicamento) VALUES (18, 5, 'Cefaclor');
INSERT INTO medicamento(id_medicamento, id_grupo_ter, nombre_medicamento) VALUES (19, 5, 'Etambutol');
INSERT INTO medicamento(id_medicamento, id_grupo_ter, nombre_medicamento) VALUES (20, 5, 'Quinna');
INSERT INTO medicamento(id_medicamento, id_grupo_ter, nombre_medicamento) VALUES (21, 6, 'Ranitidina');
INSERT INTO medicamento(id_medicamento, id_grupo_ter, nombre_medicamento) VALUES (22, 6, 'Dexlansoprazol');
INSERT INTO medicamento(id_medicamento, id_grupo_ter, nombre_medicamento) VALUES (23, 6, 'Lidocaina');
INSERT INTO medicamento(id_medicamento, id_grupo_ter, nombre_medicamento) VALUES (24, 6, 'Omeprazol');
INSERT INTO medicamento(id_medicamento, id_grupo_ter, nombre_medicamento) VALUES (25, 7, 'Benzonatato');
INSERT INTO medicamento(id_medicamento, id_grupo_ter, nombre_medicamento) VALUES (26, 7, 'Teofilina');
INSERT INTO medicamento(id_medicamento, id_grupo_ter, nombre_medicamento) VALUES (27, 7, 'Salmeterol');
INSERT INTO medicamento(id_medicamento, id_grupo_ter, nombre_medicamento) VALUES (28, 7, 'Sildenafil');
INSERT INTO medicamento(id_medicamento, id_grupo_ter, nombre_medicamento) VALUES (29, 8, 'Acido Folinico');
INSERT INTO medicamento(id_medicamento, id_grupo_ter, nombre_medicamento) VALUES (30, 8, 'Amifostina');
INSERT INTO medicamento(id_medicamento, id_grupo_ter, nombre_medicamento) VALUES (31, 8, 'Etoposido');
INSERT INTO medicamento(id_medicamento, id_grupo_ter, nombre_medicamento) VALUES (32, 8, 'Mesna');

INSERT INTO tratamiento (id_tratamiento, id_medicamento, fecha_inicio_tra, fecha_fin_tra, frecuencia, dosis, id_consulta) VALUES (1, 1, '12-10-2018', '17-10-2018', 'cada 12 horas', '1 tableta', 1);
INSERT INTO tratamiento (id_tratamiento, id_medicamento, fecha_inicio_tra, fecha_fin_tra, frecuencia, dosis, id_consulta) VALUES (2, 2, '12-10-2018', '17-10-2018', 'cada 12 horas', '1 tableta', 2);
INSERT INTO tratamiento (id_tratamiento, id_medicamento, fecha_inicio_tra, fecha_fin_tra, frecuencia, dosis, id_consulta) VALUES (3, 3, '12-11-2018', '17-11-2018', 'cada 12 horas', '1 tableta', 3);
INSERT INTO tratamiento (id_tratamiento, id_medicamento, fecha_inicio_tra, fecha_fin_tra, frecuencia, dosis, id_consulta) VALUES (4, 4, '12-11-2018', '17-11-2018', 'cada 12 horas', '1 tableta', 4);
INSERT INTO tratamiento (id_tratamiento, id_medicamento, fecha_inicio_tra, fecha_fin_tra, frecuencia, dosis, id_consulta) VALUES (5, 5, '12-12-2018', '17-12-2018', 'cada 12 horas', '1 tableta', 5);
INSERT INTO tratamiento (id_tratamiento, id_medicamento, fecha_inicio_tra, fecha_fin_tra, frecuencia, dosis, id_consulta) VALUES (6, 6, '12-12-2018', '17-12-2018', 'cada 12 horas', '1 tableta', 6);
INSERT INTO tratamiento (id_tratamiento, id_medicamento, fecha_inicio_tra, fecha_fin_tra, frecuencia, dosis, id_consulta) VALUES (7, 7, '12-12-2018', '17-12-2018', 'cada 12 horas', '1 tableta', 7);
INSERT INTO tratamiento (id_tratamiento, id_medicamento, fecha_inicio_tra, fecha_fin_tra, frecuencia, dosis, id_consulta) VALUES (8, 8, '12-12-2018', '17-12-2018', 'cada 12 horas', '1 tableta', 8);
INSERT INTO tratamiento (id_tratamiento, id_medicamento, fecha_inicio_tra, fecha_fin_tra, frecuencia, dosis, id_consulta) VALUES (9, 9, '12-12-2018', '17-12-2018', 'cada 12 horas', '1 tableta', 5);
INSERT INTO tratamiento (id_tratamiento, id_medicamento, fecha_inicio_tra, fecha_fin_tra, frecuencia, dosis, id_consulta) VALUES (10, 10, '12-12-2018', '17-12-2018', 'cada 12 horas', '1 tableta', 6);
INSERT INTO tratamiento (id_tratamiento, id_medicamento, fecha_inicio_tra, fecha_fin_tra, frecuencia, dosis, id_consulta) VALUES (11, 11, '12-12-2018', '17-12-2018', 'cada 12 horas', '1 tableta', 7);
INSERT INTO tratamiento (id_tratamiento, id_medicamento, fecha_inicio_tra, fecha_fin_tra, frecuencia, dosis, id_consulta) VALUES (12, 12, '12-12-2018', '17-12-2018', 'cada 12 horas', '1 tableta', 8);