INSERT INTO departamento (id_departamento, nombre_departamento) VALUES (1, 'Ahuachapán');
INSERT INTO departamento (id_departamento, nombre_departamento) VALUES (2, 'Santa Ana');
INSERT INTO departamento (id_departamento, nombre_departamento) VALUES (3, 'Sonsonate');
INSERT INTO departamento (id_departamento, nombre_departamento) VALUES (4, 'La Libertad');
INSERT INTO departamento (id_departamento, nombre_departamento) VALUES (5, 'Chalatenango');
INSERT INTO departamento (id_departamento, nombre_departamento) VALUES (6, 'San Salvador');
INSERT INTO departamento (id_departamento, nombre_departamento) VALUES (7, 'Cuscatlán');
INSERT INTO departamento (id_departamento, nombre_departamento) VALUES (8, 'La Paz');
INSERT INTO departamento (id_departamento, nombre_departamento) VALUES (9, 'Cabañas');
INSERT INTO departamento (id_departamento, nombre_departamento) VALUES (10, 'San Vicente');
INSERT INTO departamento (id_departamento, nombre_departamento) VALUES (11, 'Usulután');
INSERT INTO departamento (id_departamento, nombre_departamento) VALUES (12, 'Morazán');
INSERT INTO departamento (id_departamento, nombre_departamento) VALUES (13, 'San Miguel');
INSERT INTO departamento (id_departamento, nombre_departamento) VALUES (14, 'La Unión');



INSERT INTO municipio (id_municipio, nombre_municipio, id_departamento) VALUES (1, ' Ahuachapán', 1);
INSERT INTO municipio (id_municipio, nombre_municipio, id_departamento) VALUES (2, ' Jujutla', 1);
INSERT INTO municipio (id_municipio, nombre_municipio, id_departamento) VALUES (3, ' Atiquizaya', 1);
INSERT INTO municipio (id_municipio, nombre_municipio, id_departamento) VALUES (4, ' Concepción de Ataco', 1);
INSERT INTO municipio (id_municipio, nombre_municipio, id_departamento) VALUES (5, ' El Refugio', 1);
INSERT INTO municipio (id_municipio, nombre_municipio, id_departamento) VALUES (6, ' Guaymango', 1);
INSERT INTO municipio (id_municipio, nombre_municipio, id_departamento) VALUES (7, ' Apaneca', 1);
INSERT INTO municipio (id_municipio, nombre_municipio, id_departamento) VALUES (8, ' San Francisco Menéndez', 1);
INSERT INTO municipio (id_municipio, nombre_municipio, id_departamento) VALUES (9, ' San Lorenzo', 1);
INSERT INTO municipio (id_municipio, nombre_municipio, id_departamento) VALUES (10, ' San Pedro Puxtla', 1);
INSERT INTO municipio (id_municipio, nombre_municipio, id_departamento) VALUES (11, ' Tacuba', 1);
INSERT INTO municipio (id_municipio, nombre_municipio, id_departamento) VALUES (12, ' Turín', 1);
INSERT INTO municipio (id_municipio, nombre_municipio, id_departamento) VALUES (13, ' Candelaria de la Frontera', 2);
INSERT INTO municipio (id_municipio, nombre_municipio, id_departamento) VALUES (14, ' Chalchuapa', 2);
INSERT INTO municipio (id_municipio, nombre_municipio, id_departamento) VALUES (15, ' Coatepeque', 2);
INSERT INTO municipio (id_municipio, nombre_municipio, id_departamento) VALUES (16, ' El Congo', 2);
INSERT INTO municipio (id_municipio, nombre_municipio, id_departamento) VALUES (17, ' El Porvenir', 2);
INSERT INTO municipio (id_municipio, nombre_municipio, id_departamento) VALUES (18, ' Masahuat', 2);
INSERT INTO municipio (id_municipio, nombre_municipio, id_departamento) VALUES (19, ' Metapán', 2);
INSERT INTO municipio (id_municipio, nombre_municipio, id_departamento) VALUES (20, ' San Antonio Pajonal', 2);
INSERT INTO municipio (id_municipio, nombre_municipio, id_departamento) VALUES (21, ' San Sebastián Salitrillo', 2);
INSERT INTO municipio (id_municipio, nombre_municipio, id_departamento) VALUES (22, ' Santa Ana', 2);
INSERT INTO municipio (id_municipio, nombre_municipio, id_departamento) VALUES (23, ' Santa Rosa Guachipilín', 2);
INSERT INTO municipio (id_municipio, nombre_municipio, id_departamento) VALUES (24, ' Santiago de la Frontera', 2);
INSERT INTO municipio (id_municipio, nombre_municipio, id_departamento) VALUES (25, ' Texistepeque', 2);
INSERT INTO municipio (id_municipio, nombre_municipio, id_departamento) VALUES (26, ' Acajutla', 3);
INSERT INTO municipio (id_municipio, nombre_municipio, id_departamento) VALUES (27, ' Armenia', 3);
INSERT INTO municipio (id_municipio, nombre_municipio, id_departamento) VALUES (28, ' Caluco', 3);
INSERT INTO municipio (id_municipio, nombre_municipio, id_departamento) VALUES (29, ' Cuisnahuat', 3);
INSERT INTO municipio (id_municipio, nombre_municipio, id_departamento) VALUES (30, ' Izalco', 3);
INSERT INTO municipio (id_municipio, nombre_municipio, id_departamento) VALUES (31, ' Juayúa', 3);
INSERT INTO municipio (id_municipio, nombre_municipio, id_departamento) VALUES (32, ' Nahuizalco', 3);
INSERT INTO municipio (id_municipio, nombre_municipio, id_departamento) VALUES (33, ' Nahulingo', 3);
INSERT INTO municipio (id_municipio, nombre_municipio, id_departamento) VALUES (34, ' Salcoatitán', 3);
INSERT INTO municipio (id_municipio, nombre_municipio, id_departamento) VALUES (35, ' San Antonio del Monte', 3);
INSERT INTO municipio (id_municipio, nombre_municipio, id_departamento) VALUES (36, ' San Julián', 3);
INSERT INTO municipio (id_municipio, nombre_municipio, id_departamento) VALUES (37, ' Santa Catarina Masahuat', 3);
INSERT INTO municipio (id_municipio, nombre_municipio, id_departamento) VALUES (38, ' Santa Isabel Ishuatán', 3);
INSERT INTO municipio (id_municipio, nombre_municipio, id_departamento) VALUES (39, ' Santo Domingo de Guzmán', 3);
INSERT INTO municipio (id_municipio, nombre_municipio, id_departamento) VALUES (40, ' Sonsonate', 3);
INSERT INTO municipio (id_municipio, nombre_municipio, id_departamento) VALUES (41, ' Sonzacate', 3);
INSERT INTO municipio (id_municipio, nombre_municipio, id_departamento) VALUES (42, ' Alegría', 11);
INSERT INTO municipio (id_municipio, nombre_municipio, id_departamento) VALUES (43, ' Berlín', 11);
INSERT INTO municipio (id_municipio, nombre_municipio, id_departamento) VALUES (44, ' California', 11);
INSERT INTO municipio (id_municipio, nombre_municipio, id_departamento) VALUES (45, ' Concepción Batres', 11);
INSERT INTO municipio (id_municipio, nombre_municipio, id_departamento) VALUES (46, ' El Triunfo', 11);
INSERT INTO municipio (id_municipio, nombre_municipio, id_departamento) VALUES (47, ' Ereguayquín', 11);
INSERT INTO municipio (id_municipio, nombre_municipio, id_departamento) VALUES (48, ' Estanzuelas', 11);
INSERT INTO municipio (id_municipio, nombre_municipio, id_departamento) VALUES (49, ' Jiquilisco', 11);
INSERT INTO municipio (id_municipio, nombre_municipio, id_departamento) VALUES (50, ' Jucuapa', 11);
INSERT INTO municipio (id_municipio, nombre_municipio, id_departamento) VALUES (51, ' Jucuarán', 11);
INSERT INTO municipio (id_municipio, nombre_municipio, id_departamento) VALUES (52, ' Mercedes Umaña', 11);
INSERT INTO municipio (id_municipio, nombre_municipio, id_departamento) VALUES (53, ' Nueva Granada', 11);
INSERT INTO municipio (id_municipio, nombre_municipio, id_departamento) VALUES (54, ' Ozatlán', 11);
INSERT INTO municipio (id_municipio, nombre_municipio, id_departamento) VALUES (55, ' Puerto El Triunfo', 11);
INSERT INTO municipio (id_municipio, nombre_municipio, id_departamento) VALUES (56, ' San Agustín', 11);
INSERT INTO municipio (id_municipio, nombre_municipio, id_departamento) VALUES (57, ' San Buenaventura', 11);
INSERT INTO municipio (id_municipio, nombre_municipio, id_departamento) VALUES (58, ' San Dionisio', 11);
INSERT INTO municipio (id_municipio, nombre_municipio, id_departamento) VALUES (59, ' San Francisco Javier', 11);
INSERT INTO municipio (id_municipio, nombre_municipio, id_departamento) VALUES (60, ' Santa Elena', 11);
INSERT INTO municipio (id_municipio, nombre_municipio, id_departamento) VALUES (61, ' Santa María', 11);
INSERT INTO municipio (id_municipio, nombre_municipio, id_departamento) VALUES (62, ' Santiago de María', 11);
INSERT INTO municipio (id_municipio, nombre_municipio, id_departamento) VALUES (63, ' Tecapán', 11);
INSERT INTO municipio (id_municipio, nombre_municipio, id_departamento) VALUES (64, ' Usulután', 11);
INSERT INTO municipio (id_municipio, nombre_municipio, id_departamento) VALUES (65, ' Carolina', 13);
INSERT INTO municipio (id_municipio, nombre_municipio, id_departamento) VALUES (66, ' Chapeltique', 13);
INSERT INTO municipio (id_municipio, nombre_municipio, id_departamento) VALUES (67, ' Chinameca', 13);
INSERT INTO municipio (id_municipio, nombre_municipio, id_departamento) VALUES (68, ' Chirilagua', 13);
INSERT INTO municipio (id_municipio, nombre_municipio, id_departamento) VALUES (69, ' Ciudad Barrios', 13);
INSERT INTO municipio (id_municipio, nombre_municipio, id_departamento) VALUES (70, ' Comacarán', 13);
INSERT INTO municipio (id_municipio, nombre_municipio, id_departamento) VALUES (71, ' El Tránsito', 13);
INSERT INTO municipio (id_municipio, nombre_municipio, id_departamento) VALUES (72, ' Lolotique', 13);
INSERT INTO municipio (id_municipio, nombre_municipio, id_departamento) VALUES (73, ' Moncagua', 13);
INSERT INTO municipio (id_municipio, nombre_municipio, id_departamento) VALUES (74, ' Nueva Guadalupe', 13);
INSERT INTO municipio (id_municipio, nombre_municipio, id_departamento) VALUES (75, ' Nuevo Edén de San Juan', 13);
INSERT INTO municipio (id_municipio, nombre_municipio, id_departamento) VALUES (76, ' Quelepa', 13);
INSERT INTO municipio (id_municipio, nombre_municipio, id_departamento) VALUES (77, ' San Antonio del Mosco', 13);
INSERT INTO municipio (id_municipio, nombre_municipio, id_departamento) VALUES (78, ' San Gerardo', 13);
INSERT INTO municipio (id_municipio, nombre_municipio, id_departamento) VALUES (79, ' San Jorge', 13);
INSERT INTO municipio (id_municipio, nombre_municipio, id_departamento) VALUES (80, ' San Luis de la Reina', 13);
INSERT INTO municipio (id_municipio, nombre_municipio, id_departamento) VALUES (81, ' San Miguel', 13);
INSERT INTO municipio (id_municipio, nombre_municipio, id_departamento) VALUES (82, ' San Rafael Oriente', 13);
INSERT INTO municipio (id_municipio, nombre_municipio, id_departamento) VALUES (83, ' Sesori', 13);
INSERT INTO municipio (id_municipio, nombre_municipio, id_departamento) VALUES (84, ' Uluazapa', 13);
INSERT INTO municipio (id_municipio, nombre_municipio, id_departamento) VALUES (85, ' Arambala', 12);
INSERT INTO municipio (id_municipio, nombre_municipio, id_departamento) VALUES (86, ' Cacaopera', 12);
INSERT INTO municipio (id_municipio, nombre_municipio, id_departamento) VALUES (87, ' Chilanga', 12);
INSERT INTO municipio (id_municipio, nombre_municipio, id_departamento) VALUES (88, ' Corinto', 12);
INSERT INTO municipio (id_municipio, nombre_municipio, id_departamento) VALUES (89, ' Delicias de Concepción', 12);
INSERT INTO municipio (id_municipio, nombre_municipio, id_departamento) VALUES (90, ' El Divisadero', 12);
INSERT INTO municipio (id_municipio, nombre_municipio, id_departamento) VALUES (91, ' El Rosario Morazán', 12);
INSERT INTO municipio (id_municipio, nombre_municipio, id_departamento) VALUES (92, ' Gualococti', 12);
INSERT INTO municipio (id_municipio, nombre_municipio, id_departamento) VALUES (93, ' Guatajiagua', 12);
INSERT INTO municipio (id_municipio, nombre_municipio, id_departamento) VALUES (94, ' Joateca', 12);
INSERT INTO municipio (id_municipio, nombre_municipio, id_departamento) VALUES (95, ' Jocoaitique', 12);
INSERT INTO municipio (id_municipio, nombre_municipio, id_departamento) VALUES (96, ' Jocoro', 12);
INSERT INTO municipio (id_municipio, nombre_municipio, id_departamento) VALUES (97, ' Lolotiquillo', 12);
INSERT INTO municipio (id_municipio, nombre_municipio, id_departamento) VALUES (98, ' Meanguera', 12);
INSERT INTO municipio (id_municipio, nombre_municipio, id_departamento) VALUES (99, ' Osicala', 12);
INSERT INTO municipio (id_municipio, nombre_municipio, id_departamento) VALUES (100, ' Perquín', 12);
INSERT INTO municipio (id_municipio, nombre_municipio, id_departamento) VALUES (101, ' San Carlos', 12);
INSERT INTO municipio (id_municipio, nombre_municipio, id_departamento) VALUES (102, ' San Fernando Morazán', 12);
INSERT INTO municipio (id_municipio, nombre_municipio, id_departamento) VALUES (103, ' San Francisco Gotera', 12);
INSERT INTO municipio (id_municipio, nombre_municipio, id_departamento) VALUES (104, ' San Isidro Morazán', 12);
INSERT INTO municipio (id_municipio, nombre_municipio, id_departamento) VALUES (105, ' San Simón', 12);
INSERT INTO municipio (id_municipio, nombre_municipio, id_departamento) VALUES (106, ' Sensembra', 12);
INSERT INTO municipio (id_municipio, nombre_municipio, id_departamento) VALUES (107, ' Sociedad', 12);
INSERT INTO municipio (id_municipio, nombre_municipio, id_departamento) VALUES (108, ' Torola', 12);
INSERT INTO municipio (id_municipio, nombre_municipio, id_departamento) VALUES (109, ' Yamabal', 12);
INSERT INTO municipio (id_municipio, nombre_municipio, id_departamento) VALUES (110, ' Yoloaiquín', 12);
INSERT INTO municipio (id_municipio, nombre_municipio, id_departamento) VALUES (111, ' La Unión', 14);
INSERT INTO municipio (id_municipio, nombre_municipio, id_departamento) VALUES (112, ' San Alejo', 14);
INSERT INTO municipio (id_municipio, nombre_municipio, id_departamento) VALUES (113, ' Yucuaiquín', 14);
INSERT INTO municipio (id_municipio, nombre_municipio, id_departamento) VALUES (114, ' Conchagua', 14);
INSERT INTO municipio (id_municipio, nombre_municipio, id_departamento) VALUES (115, ' Intipucá', 14);
INSERT INTO municipio (id_municipio, nombre_municipio, id_departamento) VALUES (116, ' San José', 14);
INSERT INTO municipio (id_municipio, nombre_municipio, id_departamento) VALUES (117, ' El Carmen La Unión', 14);
INSERT INTO municipio (id_municipio, nombre_municipio, id_departamento) VALUES (118, ' Yayantique', 14);
INSERT INTO municipio (id_municipio, nombre_municipio, id_departamento) VALUES (119, ' Bolívar', 14);
INSERT INTO municipio (id_municipio, nombre_municipio, id_departamento) VALUES (120, ' Meanguera del Golfo', 14);
INSERT INTO municipio (id_municipio, nombre_municipio, id_departamento) VALUES (121, ' Santa Rosa de Lima', 14);
INSERT INTO municipio (id_municipio, nombre_municipio, id_departamento) VALUES (122, ' Pasaquina', 14);
INSERT INTO municipio (id_municipio, nombre_municipio, id_departamento) VALUES (123, ' Anamoros', 14);
INSERT INTO municipio (id_municipio, nombre_municipio, id_departamento) VALUES (124, ' Nueva Esparta', 14);
INSERT INTO municipio (id_municipio, nombre_municipio, id_departamento) VALUES (125, ' El Sauce', 14);
INSERT INTO municipio (id_municipio, nombre_municipio, id_departamento) VALUES (126, ' Concepción de Oriente', 14);
INSERT INTO municipio (id_municipio, nombre_municipio, id_departamento) VALUES (127, ' Polorós', 14);
INSERT INTO municipio (id_municipio, nombre_municipio, id_departamento) VALUES (128, ' Lislique', 14);
INSERT INTO municipio (id_municipio, nombre_municipio, id_departamento) VALUES (129, ' Antiguo Cuscatlán', 4);
INSERT INTO municipio (id_municipio, nombre_municipio, id_departamento) VALUES (130, ' Chiltiupán', 4);
INSERT INTO municipio (id_municipio, nombre_municipio, id_departamento) VALUES (131, ' Ciudad Arce', 4);
INSERT INTO municipio (id_municipio, nombre_municipio, id_departamento) VALUES (132, ' Colón', 4);
INSERT INTO municipio (id_municipio, nombre_municipio, id_departamento) VALUES (133, ' Comasagua', 4);
INSERT INTO municipio (id_municipio, nombre_municipio, id_departamento) VALUES (134, ' Huizúcar', 4);
INSERT INTO municipio (id_municipio, nombre_municipio, id_departamento) VALUES (135, ' Jayaque', 4);
INSERT INTO municipio (id_municipio, nombre_municipio, id_departamento) VALUES (136, ' Jicalapa', 4);
INSERT INTO municipio (id_municipio, nombre_municipio, id_departamento) VALUES (137, ' La Libertad', 4);
INSERT INTO municipio (id_municipio, nombre_municipio, id_departamento) VALUES (138, ' Santa Tecla', 4);
INSERT INTO municipio (id_municipio, nombre_municipio, id_departamento) VALUES (139, ' Nuevo Cuscatlán', 4);
INSERT INTO municipio (id_municipio, nombre_municipio, id_departamento) VALUES (140, ' San Juan Opico', 4);
INSERT INTO municipio (id_municipio, nombre_municipio, id_departamento) VALUES (141, ' Quezaltepeque', 4);
INSERT INTO municipio (id_municipio, nombre_municipio, id_departamento) VALUES (142, ' Sacacoyo', 4);
INSERT INTO municipio (id_municipio, nombre_municipio, id_departamento) VALUES (143, ' San José Villanueva', 4);
INSERT INTO municipio (id_municipio, nombre_municipio, id_departamento) VALUES (144, ' San Matías', 4);
INSERT INTO municipio (id_municipio, nombre_municipio, id_departamento) VALUES (145, ' San Pablo Tacachico', 4);
INSERT INTO municipio (id_municipio, nombre_municipio, id_departamento) VALUES (146, ' Talnique', 4);
INSERT INTO municipio (id_municipio, nombre_municipio, id_departamento) VALUES (147, ' Tamanique', 4);
INSERT INTO municipio (id_municipio, nombre_municipio, id_departamento) VALUES (148, ' Teotepeque', 4);
INSERT INTO municipio (id_municipio, nombre_municipio, id_departamento) VALUES (149, ' Tepecoyo', 4);
INSERT INTO municipio (id_municipio, nombre_municipio, id_departamento) VALUES (150, ' Zaragoza', 4);
INSERT INTO municipio (id_municipio, nombre_municipio, id_departamento) VALUES (151, ' Agua Caliente', 5);
INSERT INTO municipio (id_municipio, nombre_municipio, id_departamento) VALUES (152, ' Arcatao', 5);
INSERT INTO municipio (id_municipio, nombre_municipio, id_departamento) VALUES (153, ' Azacualpa', 5);
INSERT INTO municipio (id_municipio, nombre_municipio, id_departamento) VALUES (154, ' Cancasque', 5);
INSERT INTO municipio (id_municipio, nombre_municipio, id_departamento) VALUES (155, ' Chalatenango', 5);
INSERT INTO municipio (id_municipio, nombre_municipio, id_departamento) VALUES (156, ' Citalá', 5);
INSERT INTO municipio (id_municipio, nombre_municipio, id_departamento) VALUES (157, ' Comapala', 5);
INSERT INTO municipio (id_municipio, nombre_municipio, id_departamento) VALUES (158, ' Concepción Quezaltepeque', 5);
INSERT INTO municipio (id_municipio, nombre_municipio, id_departamento) VALUES (159, ' Dulce Nombre de María', 5);
INSERT INTO municipio (id_municipio, nombre_municipio, id_departamento) VALUES (160, ' El Carrizal', 5);
INSERT INTO municipio (id_municipio, nombre_municipio, id_departamento) VALUES (161, ' El Paraíso', 5);
INSERT INTO municipio (id_municipio, nombre_municipio, id_departamento) VALUES (162, ' La Laguna', 5);
INSERT INTO municipio (id_municipio, nombre_municipio, id_departamento) VALUES (163, ' La Palma', 5);
INSERT INTO municipio (id_municipio, nombre_municipio, id_departamento) VALUES (164, ' La Reina', 5);
INSERT INTO municipio (id_municipio, nombre_municipio, id_departamento) VALUES (165, ' Las Vueltas', 5);
INSERT INTO municipio (id_municipio, nombre_municipio, id_departamento) VALUES (166, ' Nueva Concepción', 5);
INSERT INTO municipio (id_municipio, nombre_municipio, id_departamento) VALUES (167, ' Nueva Trinidad', 5);
INSERT INTO municipio (id_municipio, nombre_municipio, id_departamento) VALUES (168, ' Nombre de Jesús', 5);
INSERT INTO municipio (id_municipio, nombre_municipio, id_departamento) VALUES (169, ' Ojos de Agua', 5);
INSERT INTO municipio (id_municipio, nombre_municipio, id_departamento) VALUES (170, ' Potonico', 5);
INSERT INTO municipio (id_municipio, nombre_municipio, id_departamento) VALUES (171, ' San Antonio de la Cruz', 5);
INSERT INTO municipio (id_municipio, nombre_municipio, id_departamento) VALUES (172, ' San Antonio Los Ranchos', 5);
INSERT INTO municipio (id_municipio, nombre_municipio, id_departamento) VALUES (173, ' San Fernando Chalatenango', 5);
INSERT INTO municipio (id_municipio, nombre_municipio, id_departamento) VALUES (174, ' San Francisco Lempa', 5);
INSERT INTO municipio (id_municipio, nombre_municipio, id_departamento) VALUES (175, ' San Francisco Morazán', 5);
INSERT INTO municipio (id_municipio, nombre_municipio, id_departamento) VALUES (176, ' San Ignacio', 5);
INSERT INTO municipio (id_municipio, nombre_municipio, id_departamento) VALUES (177, ' San Isidro Labrador', 5);
INSERT INTO municipio (id_municipio, nombre_municipio, id_departamento) VALUES (178, ' Las Flores', 5);
INSERT INTO municipio (id_municipio, nombre_municipio, id_departamento) VALUES (179, ' San Luis del Carmen', 5);
INSERT INTO municipio (id_municipio, nombre_municipio, id_departamento) VALUES (180, ' San Miguel de Mercedes', 5);
INSERT INTO municipio (id_municipio, nombre_municipio, id_departamento) VALUES (181, ' San Rafael', 5);
INSERT INTO municipio (id_municipio, nombre_municipio, id_departamento) VALUES (182, ' Santa Rita', 5);
INSERT INTO municipio (id_municipio, nombre_municipio, id_departamento) VALUES (183, ' Tejutla', 5);
INSERT INTO municipio (id_municipio, nombre_municipio, id_departamento) VALUES (184, ' Cojutepeque', 7);
INSERT INTO municipio (id_municipio, nombre_municipio, id_departamento) VALUES (185, ' Candelaria', 7);
INSERT INTO municipio (id_municipio, nombre_municipio, id_departamento) VALUES (186, ' El Carmen Cuscatlán', 7);
INSERT INTO municipio (id_municipio, nombre_municipio, id_departamento) VALUES (187, ' El Rosario Cuscatlán', 7);
INSERT INTO municipio (id_municipio, nombre_municipio, id_departamento) VALUES (188, ' Monte San Juan', 7);
INSERT INTO municipio (id_municipio, nombre_municipio, id_departamento) VALUES (189, ' Oratorio de Concepción', 7);
INSERT INTO municipio (id_municipio, nombre_municipio, id_departamento) VALUES (190, ' San Bartolomé Perulapía', 7);
INSERT INTO municipio (id_municipio, nombre_municipio, id_departamento) VALUES (191, ' San Cristóbal', 7);
INSERT INTO municipio (id_municipio, nombre_municipio, id_departamento) VALUES (192, ' San José Guayabal', 7);
INSERT INTO municipio (id_municipio, nombre_municipio, id_departamento) VALUES (193, ' San Pedro Perulapán', 7);
INSERT INTO municipio (id_municipio, nombre_municipio, id_departamento) VALUES (194, ' San Rafael Cedros', 7);
INSERT INTO municipio (id_municipio, nombre_municipio, id_departamento) VALUES (195, ' San Ramón', 7);
INSERT INTO municipio (id_municipio, nombre_municipio, id_departamento) VALUES (196, ' Santa Cruz Analquito', 7);
INSERT INTO municipio (id_municipio, nombre_municipio, id_departamento) VALUES (197, ' Santa Cruz Michapa', 7);
INSERT INTO municipio (id_municipio, nombre_municipio, id_departamento) VALUES (198, ' Suchitoto', 7);
INSERT INTO municipio (id_municipio, nombre_municipio, id_departamento) VALUES (199, ' Tenancingo', 7);
INSERT INTO municipio (id_municipio, nombre_municipio, id_departamento) VALUES (200, ' Aguilares', 6);
INSERT INTO municipio (id_municipio, nombre_municipio, id_departamento) VALUES (201, ' Apopa', 6);
INSERT INTO municipio (id_municipio, nombre_municipio, id_departamento) VALUES (202, ' Ayutuxtepeque', 6);
INSERT INTO municipio (id_municipio, nombre_municipio, id_departamento) VALUES (203, ' Cuscatancingo', 6);
INSERT INTO municipio (id_municipio, nombre_municipio, id_departamento) VALUES (204, ' Ciudad Delgado', 6);
INSERT INTO municipio (id_municipio, nombre_municipio, id_departamento) VALUES (205, ' El Paisnal', 6);
INSERT INTO municipio (id_municipio, nombre_municipio, id_departamento) VALUES (206, ' Guazapa', 6);
INSERT INTO municipio (id_municipio, nombre_municipio, id_departamento) VALUES (207, ' Ilopango', 6);
INSERT INTO municipio (id_municipio, nombre_municipio, id_departamento) VALUES (208, ' Mejicanos', 6);
INSERT INTO municipio (id_municipio, nombre_municipio, id_departamento) VALUES (209, ' Nejapa', 6);
INSERT INTO municipio (id_municipio, nombre_municipio, id_departamento) VALUES (210, ' Panchimalco', 6);
INSERT INTO municipio (id_municipio, nombre_municipio, id_departamento) VALUES (211, ' Rosario de Mora', 6);
INSERT INTO municipio (id_municipio, nombre_municipio, id_departamento) VALUES (212, ' San Marcos', 6);
INSERT INTO municipio (id_municipio, nombre_municipio, id_departamento) VALUES (213, ' San Martín', 6);
INSERT INTO municipio (id_municipio, nombre_municipio, id_departamento) VALUES (214, ' San Salvador', 6);
INSERT INTO municipio (id_municipio, nombre_municipio, id_departamento) VALUES (215, ' Santiago Texacuangos', 6);
INSERT INTO municipio (id_municipio, nombre_municipio, id_departamento) VALUES (216, ' Santo Tomás', 6);
INSERT INTO municipio (id_municipio, nombre_municipio, id_departamento) VALUES (217, ' Soyapango', 6);
INSERT INTO municipio (id_municipio, nombre_municipio, id_departamento) VALUES (218, ' Tonacatepeque', 6);
INSERT INTO municipio (id_municipio, nombre_municipio, id_departamento) VALUES (219, ' Zacatecoluca', 8);
INSERT INTO municipio (id_municipio, nombre_municipio, id_departamento) VALUES (220, ' Cuyultitán', 8);
INSERT INTO municipio (id_municipio, nombre_municipio, id_departamento) VALUES (221, ' El Rosario La Paz', 8);
INSERT INTO municipio (id_municipio, nombre_municipio, id_departamento) VALUES (222, ' Jerusalén', 8);
INSERT INTO municipio (id_municipio, nombre_municipio, id_departamento) VALUES (223, ' Mercedes La Ceiba', 8);
INSERT INTO municipio (id_municipio, nombre_municipio, id_departamento) VALUES (224, ' Olocuilta', 8);
INSERT INTO municipio (id_municipio, nombre_municipio, id_departamento) VALUES (225, ' Paraíso de Osorio', 8);
INSERT INTO municipio (id_municipio, nombre_municipio, id_departamento) VALUES (226, ' San Antonio Masahuat', 8);
INSERT INTO municipio (id_municipio, nombre_municipio, id_departamento) VALUES (227, ' San Emigdio', 8);
INSERT INTO municipio (id_municipio, nombre_municipio, id_departamento) VALUES (228, ' San Francisco Chinameca', 8);
INSERT INTO municipio (id_municipio, nombre_municipio, id_departamento) VALUES (229, ' San Pedro Masahuat', 8);
INSERT INTO municipio (id_municipio, nombre_municipio, id_departamento) VALUES (230, ' San Juan Nonualco', 8);
INSERT INTO municipio (id_municipio, nombre_municipio, id_departamento) VALUES (231, ' San Juan Talpa', 8);
INSERT INTO municipio (id_municipio, nombre_municipio, id_departamento) VALUES (232, ' San Juan Tepezontes', 8);
INSERT INTO municipio (id_municipio, nombre_municipio, id_departamento) VALUES (233, ' San Luis La Herradura', 8);
INSERT INTO municipio (id_municipio, nombre_municipio, id_departamento) VALUES (234, ' San Luis Talpa', 8);
INSERT INTO municipio (id_municipio, nombre_municipio, id_departamento) VALUES (235, ' San Miguel Tepezontes', 8);
INSERT INTO municipio (id_municipio, nombre_municipio, id_departamento) VALUES (236, ' San Pedro Nonualco', 8);
INSERT INTO municipio (id_municipio, nombre_municipio, id_departamento) VALUES (237, ' San Rafael Obrajuelo', 8);
INSERT INTO municipio (id_municipio, nombre_municipio, id_departamento) VALUES (238, ' Santa María Ostuma', 8);
INSERT INTO municipio (id_municipio, nombre_municipio, id_departamento) VALUES (239, ' Santiago Nonualco', 8);
INSERT INTO municipio (id_municipio, nombre_municipio, id_departamento) VALUES (240, ' Tapalhuaca', 8);
INSERT INTO municipio (id_municipio, nombre_municipio, id_departamento) VALUES (241, ' Cinquera', 9);
INSERT INTO municipio (id_municipio, nombre_municipio, id_departamento) VALUES (242, ' Dolores', 9);
INSERT INTO municipio (id_municipio, nombre_municipio, id_departamento) VALUES (243, ' Guacotecti', 9);
INSERT INTO municipio (id_municipio, nombre_municipio, id_departamento) VALUES (244, ' Ilobasco', 9);
INSERT INTO municipio (id_municipio, nombre_municipio, id_departamento) VALUES (245, ' Jutiapa', 9);
INSERT INTO municipio (id_municipio, nombre_municipio, id_departamento) VALUES (246, ' San Isidro Cabañas', 9);
INSERT INTO municipio (id_municipio, nombre_municipio, id_departamento) VALUES (247, ' Sensuntepeque', 9);
INSERT INTO municipio (id_municipio, nombre_municipio, id_departamento) VALUES (248, ' Tejutepeque', 9);
INSERT INTO municipio (id_municipio, nombre_municipio, id_departamento) VALUES (249, ' Victoria', 9);
INSERT INTO municipio (id_municipio, nombre_municipio, id_departamento) VALUES (250, ' Apastepeque', 10);
INSERT INTO municipio (id_municipio, nombre_municipio, id_departamento) VALUES (251, ' Guadalupe', 10);
INSERT INTO municipio (id_municipio, nombre_municipio, id_departamento) VALUES (252, ' San Cayetano Istepeque', 10);
INSERT INTO municipio (id_municipio, nombre_municipio, id_departamento) VALUES (253, ' San Esteban Catarina', 10);
INSERT INTO municipio (id_municipio, nombre_municipio, id_departamento) VALUES (254, ' San Ildefonso', 10);
INSERT INTO municipio (id_municipio, nombre_municipio, id_departamento) VALUES (255, ' San Lorenzo', 10);
INSERT INTO municipio (id_municipio, nombre_municipio, id_departamento) VALUES (256, ' San Sebastián', 10);
INSERT INTO municipio (id_municipio, nombre_municipio, id_departamento) VALUES (257, ' San Vicente', 10);
INSERT INTO municipio (id_municipio, nombre_municipio, id_departamento) VALUES (258, ' Santa Clara', 10);
INSERT INTO municipio (id_municipio, nombre_municipio, id_departamento) VALUES (259, ' Santo Domingo', 10);
INSERT INTO municipio (id_municipio, nombre_municipio, id_departamento) VALUES (260, ' Tecoluca', 10);
INSERT INTO municipio (id_municipio, nombre_municipio, id_departamento) VALUES (261, ' Tepetitán', 10);
INSERT INTO municipio (id_municipio, nombre_municipio, id_departamento) VALUES (262, ' Verapaz', 10);



INSERT INTO pais (id_pais, nombre_pais) VALUES (1, 'Afganistán');
INSERT INTO pais (id_pais, nombre_pais) VALUES (2, 'Albania');
INSERT INTO pais (id_pais, nombre_pais) VALUES (3, 'Alemania');
INSERT INTO pais (id_pais, nombre_pais) VALUES (4, 'Andorra');
INSERT INTO pais (id_pais, nombre_pais) VALUES (5, 'Angolaña');
INSERT INTO pais (id_pais, nombre_pais) VALUES (6, 'Antigua y Barbuda');
INSERT INTO pais (id_pais, nombre_pais) VALUES (7, 'Arabia Saudita');
INSERT INTO pais (id_pais, nombre_pais) VALUES (8, 'Argelia');
INSERT INTO pais (id_pais, nombre_pais) VALUES (9, 'Argentina');
INSERT INTO pais (id_pais, nombre_pais) VALUES (10, 'Armenia');
INSERT INTO pais (id_pais, nombre_pais) VALUES (11, 'Australia');
INSERT INTO pais (id_pais, nombre_pais) VALUES (12, 'Austria');
INSERT INTO pais (id_pais, nombre_pais) VALUES (13, 'Azerbaiyán');
INSERT INTO pais (id_pais, nombre_pais) VALUES (14, 'Bahamasña');
INSERT INTO pais (id_pais, nombre_pais) VALUES (15, 'Bangladésí');
INSERT INTO pais (id_pais, nombre_pais) VALUES (16, 'Barbados');
INSERT INTO pais (id_pais, nombre_pais) VALUES (17, 'Baréiní');
INSERT INTO pais (id_pais, nombre_pais) VALUES (18, 'Bélgica');
INSERT INTO pais (id_pais, nombre_pais) VALUES (19, 'Beliceña');
INSERT INTO pais (id_pais, nombre_pais) VALUES (20, 'Benínésa');
INSERT INTO pais (id_pais, nombre_pais) VALUES (21, 'Bielorrusia');
INSERT INTO pais (id_pais, nombre_pais) VALUES (22, 'Birmania');
INSERT INTO pais (id_pais, nombre_pais) VALUES (23, 'Bolivia');
INSERT INTO pais (id_pais, nombre_pais) VALUES (24, 'Bosnia y Herzegovina');
INSERT INTO pais (id_pais, nombre_pais) VALUES (25, 'Botsuana');
INSERT INTO pais (id_pais, nombre_pais) VALUES (26, 'Brasilña');
INSERT INTO pais (id_pais, nombre_pais) VALUES (27, 'Brunéi');
INSERT INTO pais (id_pais, nombre_pais) VALUES (28, 'Bulgariaúlgara');
INSERT INTO pais (id_pais, nombre_pais) VALUES (29, 'Burkina Fasoés');
INSERT INTO pais (id_pais, nombre_pais) VALUES (30, 'Burundi');
INSERT INTO pais (id_pais, nombre_pais) VALUES (31, 'Bután');
INSERT INTO pais (id_pais, nombre_pais) VALUES (32, 'Cabo Verde');
INSERT INTO pais (id_pais, nombre_pais) VALUES (33, 'Camboya');
INSERT INTO pais (id_pais, nombre_pais) VALUES (34, 'Camerún');
INSERT INTO pais (id_pais, nombre_pais) VALUES (35, 'Canadá');
INSERT INTO pais (id_pais, nombre_pais) VALUES (36, 'Catarí');
INSERT INTO pais (id_pais, nombre_pais) VALUES (37, 'Chad');
INSERT INTO pais (id_pais, nombre_pais) VALUES (38, 'Chile');
INSERT INTO pais (id_pais, nombre_pais) VALUES (39, 'China');
INSERT INTO pais (id_pais, nombre_pais) VALUES (40, 'Chipre');
INSERT INTO pais (id_pais, nombre_pais) VALUES (41, 'Ciudad del Vaticano');
INSERT INTO pais (id_pais, nombre_pais) VALUES (42, 'Colombia');
INSERT INTO pais (id_pais, nombre_pais) VALUES (43, 'Comoras');
INSERT INTO pais (id_pais, nombre_pais) VALUES (44, 'Corea del Norte');
INSERT INTO pais (id_pais, nombre_pais) VALUES (45, 'Corea del Sur');
INSERT INTO pais (id_pais, nombre_pais) VALUES (46, 'Costa de Marfilña');
INSERT INTO pais (id_pais, nombre_pais) VALUES (47, 'Costa Rica');
INSERT INTO pais (id_pais, nombre_pais) VALUES (48, 'Croacia');
INSERT INTO pais (id_pais, nombre_pais) VALUES (49, 'Cuba');
INSERT INTO pais (id_pais, nombre_pais) VALUES (50, 'Dinamarca');
INSERT INTO pais (id_pais, nombre_pais) VALUES (51, 'Dominicaés');
INSERT INTO pais (id_pais, nombre_pais) VALUES (52, 'Ecuador');
INSERT INTO pais (id_pais, nombre_pais) VALUES (53, 'Egipto');
INSERT INTO pais (id_pais, nombre_pais) VALUES (54, 'El Salvador');
INSERT INTO pais (id_pais, nombre_pais) VALUES (55, 'Emiratos Árabes Unidosí');
INSERT INTO pais (id_pais, nombre_pais) VALUES (56, 'Eritrea');
INSERT INTO pais (id_pais, nombre_pais) VALUES (57, 'Eslovaquia');
INSERT INTO pais (id_pais, nombre_pais) VALUES (58, 'Eslovenia');
INSERT INTO pais (id_pais, nombre_pais) VALUES (59, 'Españañola');
INSERT INTO pais (id_pais, nombre_pais) VALUES (60, 'Estados Unidos');
INSERT INTO pais (id_pais, nombre_pais) VALUES (61, 'Estonia');
INSERT INTO pais (id_pais, nombre_pais) VALUES (62, 'Etiopíaíope');
INSERT INTO pais (id_pais, nombre_pais) VALUES (63, 'Filipinas');
INSERT INTO pais (id_pais, nombre_pais) VALUES (64, 'Finlandia');
INSERT INTO pais (id_pais, nombre_pais) VALUES (65, 'Fiyi');
INSERT INTO pais (id_pais, nombre_pais) VALUES (66, 'Francia');
INSERT INTO pais (id_pais, nombre_pais) VALUES (67, 'Gabón');
INSERT INTO pais (id_pais, nombre_pais) VALUES (68, 'Gambia');
INSERT INTO pais (id_pais, nombre_pais) VALUES (69, 'Georgia');
INSERT INTO pais (id_pais, nombre_pais) VALUES (70, 'Ghana');
INSERT INTO pais (id_pais, nombre_pais) VALUES (71, 'Granada');
INSERT INTO pais (id_pais, nombre_pais) VALUES (72, 'Grecia');
INSERT INTO pais (id_pais, nombre_pais) VALUES (73, 'Guatemala');
INSERT INTO pais (id_pais, nombre_pais) VALUES (74, 'Guinea ecuatorial');
INSERT INTO pais (id_pais, nombre_pais) VALUES (75, 'Guinea');
INSERT INTO pais (id_pais, nombre_pais) VALUES (76, 'Guinea-Bisáu');
INSERT INTO pais (id_pais, nombre_pais) VALUES (77, 'Guyana');
INSERT INTO pais (id_pais, nombre_pais) VALUES (78, 'Haití');
INSERT INTO pais (id_pais, nombre_pais) VALUES (79, 'Hondurasña');
INSERT INTO pais (id_pais, nombre_pais) VALUES (80, 'Hungríaúngara');
INSERT INTO pais (id_pais, nombre_pais) VALUES (81, 'Indiaú');
INSERT INTO pais (id_pais, nombre_pais) VALUES (82, 'Indonesia');
INSERT INTO pais (id_pais, nombre_pais) VALUES (83, 'Irakí');
INSERT INTO pais (id_pais, nombre_pais) VALUES (84, 'Irání');
INSERT INTO pais (id_pais, nombre_pais) VALUES (85, 'Irlanda');
INSERT INTO pais (id_pais, nombre_pais) VALUES (86, 'Islandia');
INSERT INTO pais (id_pais, nombre_pais) VALUES (87, 'Islas Marshall');
INSERT INTO pais (id_pais, nombre_pais) VALUES (88, 'Islas Salomón');
INSERT INTO pais (id_pais, nombre_pais) VALUES (89, 'Israelí');
INSERT INTO pais (id_pais, nombre_pais) VALUES (90, 'Italia');
INSERT INTO pais (id_pais, nombre_pais) VALUES (91, 'Jamaica');
INSERT INTO pais (id_pais, nombre_pais) VALUES (92, 'Japón');
INSERT INTO pais (id_pais, nombre_pais) VALUES (93, 'Jordania');
INSERT INTO pais (id_pais, nombre_pais) VALUES (94, 'Kazajistán');
INSERT INTO pais (id_pais, nombre_pais) VALUES (95, 'Kenia');
INSERT INTO pais (id_pais, nombre_pais) VALUES (96, 'Kirguistánís');
INSERT INTO pais (id_pais, nombre_pais) VALUES (97, 'Kiribati');
INSERT INTO pais (id_pais, nombre_pais) VALUES (98, 'Kuwaití');
INSERT INTO pais (id_pais, nombre_pais) VALUES (99, 'Laos');
INSERT INTO pais (id_pais, nombre_pais) VALUES (100, 'Lesoto');
INSERT INTO pais (id_pais, nombre_pais) VALUES (101, 'Letonia');
INSERT INTO pais (id_pais, nombre_pais) VALUES (102, 'Líbano');
INSERT INTO pais (id_pais, nombre_pais) VALUES (103, 'Liberia');
INSERT INTO pais (id_pais, nombre_pais) VALUES (104, 'Libia');
INSERT INTO pais (id_pais, nombre_pais) VALUES (105, 'Liechtenstein');
INSERT INTO pais (id_pais, nombre_pais) VALUES (106, 'Lituania');
INSERT INTO pais (id_pais, nombre_pais) VALUES (107, 'Luxemburgo');
INSERT INTO pais (id_pais, nombre_pais) VALUES (108, 'Madagascar');
INSERT INTO pais (id_pais, nombre_pais) VALUES (109, 'Malasia');
INSERT INTO pais (id_pais, nombre_pais) VALUES (110, 'Malauií');
INSERT INTO pais (id_pais, nombre_pais) VALUES (111, 'Maldivas');
INSERT INTO pais (id_pais, nombre_pais) VALUES (112, 'Malí');
INSERT INTO pais (id_pais, nombre_pais) VALUES (113, 'Malta');
INSERT INTO pais (id_pais, nombre_pais) VALUES (114, 'Marruecosí');
INSERT INTO pais (id_pais, nombre_pais) VALUES (115, 'Mauricio');
INSERT INTO pais (id_pais, nombre_pais) VALUES (116, 'Mauritania');
INSERT INTO pais (id_pais, nombre_pais) VALUES (117, 'México');
INSERT INTO pais (id_pais, nombre_pais) VALUES (118, 'Micronesia');
INSERT INTO pais (id_pais, nombre_pais) VALUES (119, 'Moldavia');
INSERT INTO pais (id_pais, nombre_pais) VALUES (120, 'Mónaco');
INSERT INTO pais (id_pais, nombre_pais) VALUES (121, 'Mongolia');
INSERT INTO pais (id_pais, nombre_pais) VALUES (122, 'Montenegro');
INSERT INTO pais (id_pais, nombre_pais) VALUES (123, 'Mozambiqueña');
INSERT INTO pais (id_pais, nombre_pais) VALUES (124, 'Namibia');
INSERT INTO pais (id_pais, nombre_pais) VALUES (125, 'Nauru');
INSERT INTO pais (id_pais, nombre_pais) VALUES (126, 'Nepalí');
INSERT INTO pais (id_pais, nombre_pais) VALUES (127, 'Nicaraguaüense');
INSERT INTO pais (id_pais, nombre_pais) VALUES (128, 'Níger');
INSERT INTO pais (id_pais, nombre_pais) VALUES (129, 'Nigeria');
INSERT INTO pais (id_pais, nombre_pais) VALUES (130, 'Noruega');
INSERT INTO pais (id_pais, nombre_pais) VALUES (131, 'Nueva Zelanda');
INSERT INTO pais (id_pais, nombre_pais) VALUES (132, 'Omání');
INSERT INTO pais (id_pais, nombre_pais) VALUES (133, 'Países Bajos');
INSERT INTO pais (id_pais, nombre_pais) VALUES (134, 'Pakistání');
INSERT INTO pais (id_pais, nombre_pais) VALUES (135, 'Palaos');
INSERT INTO pais (id_pais, nombre_pais) VALUES (136, 'Panamáña');
INSERT INTO pais (id_pais, nombre_pais) VALUES (137, 'Papúa Nueva Guineaú');
INSERT INTO pais (id_pais, nombre_pais) VALUES (138, 'Paraguay');
INSERT INTO pais (id_pais, nombre_pais) VALUES (139, 'Perú');
INSERT INTO pais (id_pais, nombre_pais) VALUES (140, 'Polonia');
INSERT INTO pais (id_pais, nombre_pais) VALUES (141, 'Portugal');
INSERT INTO pais (id_pais, nombre_pais) VALUES (142, 'Reino Unidoánica');
INSERT INTO pais (id_pais, nombre_pais) VALUES (143, 'República Centroafricana');
INSERT INTO pais (id_pais, nombre_pais) VALUES (144, 'República Checa');
INSERT INTO pais (id_pais, nombre_pais) VALUES (145, 'República de Macedonia');
INSERT INTO pais (id_pais, nombre_pais) VALUES (146, 'República del Congoña');
INSERT INTO pais (id_pais, nombre_pais) VALUES (147, 'República Democrática del Congoña');
INSERT INTO pais (id_pais, nombre_pais) VALUES (148, 'República Dominicana');
INSERT INTO pais (id_pais, nombre_pais) VALUES (149, 'República Sudafricana');
INSERT INTO pais (id_pais, nombre_pais) VALUES (150, 'Ruanda');
INSERT INTO pais (id_pais, nombre_pais) VALUES (151, 'Rumanía');
INSERT INTO pais (id_pais, nombre_pais) VALUES (152, 'Rusia');
INSERT INTO pais (id_pais, nombre_pais) VALUES (153, 'Samoa');
INSERT INTO pais (id_pais, nombre_pais) VALUES (154, 'San Cristóbal y Nievesña');
INSERT INTO pais (id_pais, nombre_pais) VALUES (155, 'San Marino');
INSERT INTO pais (id_pais, nombre_pais) VALUES (156, 'San Vicente y las Granadinas');
INSERT INTO pais (id_pais, nombre_pais) VALUES (157, 'Santa Lucía');
INSERT INTO pais (id_pais, nombre_pais) VALUES (158, 'Santo Tomé y Príncipe');
INSERT INTO pais (id_pais, nombre_pais) VALUES (159, 'Senegal');
INSERT INTO pais (id_pais, nombre_pais) VALUES (160, 'Serbia');
INSERT INTO pais (id_pais, nombre_pais) VALUES (161, 'Seychelles');
INSERT INTO pais (id_pais, nombre_pais) VALUES (162, 'Sierra Leona');
INSERT INTO pais (id_pais, nombre_pais) VALUES (163, 'Singapur');
INSERT INTO pais (id_pais, nombre_pais) VALUES (164, 'Siria');
INSERT INTO pais (id_pais, nombre_pais) VALUES (165, 'Somaliaí');
INSERT INTO pais (id_pais, nombre_pais) VALUES (166, 'Sri Lankaés');
INSERT INTO pais (id_pais, nombre_pais) VALUES (167, 'Suazilandia');
INSERT INTO pais (id_pais, nombre_pais) VALUES (168, 'Sudán del Sur');
INSERT INTO pais (id_pais, nombre_pais) VALUES (169, 'Sudán');
INSERT INTO pais (id_pais, nombre_pais) VALUES (170, 'Suecia');
INSERT INTO pais (id_pais, nombre_pais) VALUES (171, 'Suiza');
INSERT INTO pais (id_pais, nombre_pais) VALUES (172, 'Surinam');
INSERT INTO pais (id_pais, nombre_pais) VALUES (173, 'Tailandia');
INSERT INTO pais (id_pais, nombre_pais) VALUES (174, 'Tanzania');
INSERT INTO pais (id_pais, nombre_pais) VALUES (175, 'Tayikistán');
INSERT INTO pais (id_pais, nombre_pais) VALUES (176, 'Timor Oriental');
INSERT INTO pais (id_pais, nombre_pais) VALUES (177, 'Togo');
INSERT INTO pais (id_pais, nombre_pais) VALUES (178, 'Tonga');
INSERT INTO pais (id_pais, nombre_pais) VALUES (179, 'Trinidad y Tobago');
INSERT INTO pais (id_pais, nombre_pais) VALUES (180, 'Túnez');
INSERT INTO pais (id_pais, nombre_pais) VALUES (181, 'Turkmenistán');
INSERT INTO pais (id_pais, nombre_pais) VALUES (182, 'Turquía');
INSERT INTO pais (id_pais, nombre_pais) VALUES (183, 'Tuvalu');
INSERT INTO pais (id_pais, nombre_pais) VALUES (184, 'Ucrania');
INSERT INTO pais (id_pais, nombre_pais) VALUES (185, 'Uganda');
INSERT INTO pais (id_pais, nombre_pais) VALUES (186, 'Uruguay');
INSERT INTO pais (id_pais, nombre_pais) VALUES (187, 'Uzbekistán');
INSERT INTO pais (id_pais, nombre_pais) VALUES (188, 'Vanuatu');
INSERT INTO pais (id_pais, nombre_pais) VALUES (189, 'Venezuela');
INSERT INTO pais (id_pais, nombre_pais) VALUES (190, 'Vietnam');
INSERT INTO pais (id_pais, nombre_pais) VALUES (191, 'Yemení');
INSERT INTO pais (id_pais, nombre_pais) VALUES (192, 'Yibuti');
INSERT INTO pais (id_pais, nombre_pais) VALUES (193, 'Zambia');
INSERT INTO pais (id_pais, nombre_pais) VALUES (194, 'Zimbabue');



INSERT INTO genero(id_genero, nombre_genero, activo_genero) VALUES (1, 'Masculino', 1);
INSERT INTO genero(id_genero, nombre_genero, activo_genero) VALUES (2, 'Femenino', 1);
INSERT INTO genero(id_genero, nombre_genero, activo_genero) VALUES (3, 'Otro', 1);
INSERT INTO genero(id_genero, nombre_genero, activo_genero) VALUES (4, 'Inactivo', 0);



INSERT INTO estado_civil(id_estado_c, nombre_estado_c, activo_estado_c)  VALUES(1, 'Soltero', 1);
INSERT INTO estado_civil(id_estado_c, nombre_estado_c, activo_estado_c)  VALUES(2, 'Casado', 1);
INSERT INTO estado_civil(id_estado_c, nombre_estado_c, activo_estado_c)  VALUES(3, 'Divorciado', 1);
INSERT INTO estado_civil(id_estado_c, nombre_estado_c, activo_estado_c)  VALUES(4, 'Viudo', 1);
INSERT INTO estado_civil(id_estado_c, nombre_estado_c, activo_estado_c)  VALUES(5, 'Inactivo', 0);



INSERT INTO especialidad(id_especialidad, nombre_especialidad, activo_especialidad) VALUES(1, 'General', 1);
INSERT INTO especialidad(id_especialidad, nombre_especialidad, activo_especialidad) VALUES(2, 'Cirujano', 1);
INSERT INTO especialidad(id_especialidad, nombre_especialidad, activo_especialidad) VALUES(3, 'Oftalmologo', 1);
INSERT INTO especialidad(id_especialidad, nombre_especialidad, activo_especialidad) VALUES(4, 'Inactivo', 0);



INSERT INTO hospital(id_hospital, id_municipio, id_pais, nombre_hospital, fecha_registro, telefono_hospital, detalle_dir_hos, aprobado_hospital, activo_hospital) VALUES (1, 214, 54, 'Hospital Aprobado Activo 1', '01-01-2019', '2216-1212', 'Entre avenida tal y Calle tal, Edificio # tal', 1, 1);
INSERT INTO hospital(id_hospital, id_municipio, id_pais, nombre_hospital, fecha_registro, telefono_hospital, detalle_dir_hos, aprobado_hospital, activo_hospital) VALUES (2, 81, 54, 'Hospital Aprobado Activo 2', '01-01-2019', '2216-1212', 'Entre avenida tal y Calle tal, Edificio # tal', 1, 1);
INSERT INTO hospital(id_hospital, id_municipio, id_pais, nombre_hospital, fecha_registro, telefono_hospital, detalle_dir_hos, aprobado_hospital, activo_hospital) VALUES (3, null, 60, 'Hospital Pendiente Activo 3', '01-01-2019', '2216-1212', 'Entre avenida tal y Calle tal, Edificio # tal', null, 1);
INSERT INTO hospital(id_hospital, id_municipio, id_pais, nombre_hospital, fecha_registro, telefono_hospital, detalle_dir_hos, aprobado_hospital, activo_hospital) VALUES (4, 214, 54, 'Hospital Denegado Activo 4', '01-01-2019', '2216-1212', 'Entre avenida tal y Calle tal, Edificio # tal', 0, 1);
INSERT INTO hospital(id_hospital, id_municipio, id_pais, nombre_hospital, fecha_registro, telefono_hospital, detalle_dir_hos, aprobado_hospital, activo_hospital) VALUES (5, 214, 54, 'Hospital Aprobado Inactivo 5', '01-01-2019', '2216-1212', 'Entre avenida tal y Calle tal, Edificio # tal', 1, 0);



INSERT INTO rol(id_rol, nombre_rol)  VALUES(1, 'ROLE_Administrador General');
INSERT INTO rol(id_rol, nombre_rol)  VALUES(2, 'ROLE_Administrador Hospital');
INSERT INTO rol(id_rol, nombre_rol)  VALUES(3, 'ROLE_Medico');
INSERT INTO rol(id_rol, nombre_rol)  VALUES(4, 'ROLE_Enfermero');
INSERT INTO rol(id_rol, nombre_rol)  VALUES(5, 'ROLE_Recepcionista');
INSERT INTO rol(id_rol, nombre_rol)  VALUES(6, 'ROLE_Paciente');



INSERT INTO usuario(id_usuario, id_hospital, id_pais, id_municipio, id_genero, id_estado_c, username, password, enabled, nombres_usuario, apellidos_usuario, fecha_nac_usuario, detalle_dir_usuario, email_usuario, telefono_usuario) VALUES(1, 1, 54, 214, 1, 1, 'adm_hos1', 'grupo11Pass', 1, 'Administrador', 'Hospital1', '01-01-1970', 'Detalle Direccion', 'email1@email.com', '7272-1212');
INSERT INTO usuarios_roles(id_usuario, id_rol) VALUES(1, 2);
INSERT INTO usuario(id_usuario, id_hospital, id_pais, id_municipio, id_genero, id_estado_c, username, password, enabled, nombres_usuario, apellidos_usuario, fecha_nac_usuario, detalle_dir_usuario, email_usuario, telefono_usuario) VALUES(2, 2, 54, 214, 1, 1, 'adm_hos2', 'grupo11Pass', 1, 'Administrador', 'Hospital2', '01-01-1970', 'Detalle Direccion', 'email2@email.com', '7272-1212');
INSERT INTO usuarios_roles(id_usuario, id_rol) VALUES(2, 2);
INSERT INTO usuario(id_usuario, id_hospital, id_pais, id_municipio, id_genero, id_estado_c, username, password, enabled, nombres_usuario, apellidos_usuario, fecha_nac_usuario, detalle_dir_usuario, email_usuario, telefono_usuario, id_especialidad) VALUES(3, 1, 54, 214, 1, 1, 'doc1_hos1', 'grupo11Pass', 1, 'Doctor1', 'Hospital1', '01-01-1970', 'Detalle Direccion', 'email1@email.com', '7272-1212', 1);
INSERT INTO usuarios_roles(id_usuario, id_rol) VALUES(3, 3);
INSERT INTO usuario(id_usuario, id_hospital, id_pais, id_municipio, id_genero, id_estado_c, username, password, enabled, nombres_usuario, apellidos_usuario, fecha_nac_usuario, detalle_dir_usuario, email_usuario, telefono_usuario, id_especialidad) VALUES(4, 1, 54, 214, 1, 1, 'doc2_hos1', 'grupo11Pass', 1, 'Doctor2', 'Hospital1', '01-01-1970', 'Detalle Direccion', 'email1@email.com', '7272-1212', 2);
INSERT INTO usuarios_roles(id_usuario, id_rol) VALUES(4, 3);
INSERT INTO usuario(id_usuario, id_hospital, id_pais, id_municipio, id_genero, id_estado_c, username, password, enabled, nombres_usuario, apellidos_usuario, fecha_nac_usuario, detalle_dir_usuario, email_usuario, telefono_usuario, id_especialidad) VALUES(5, 1, 54, 214, 1, 1, 'doc3_hos2', 'grupo11Pass', 1, 'Doctor3', 'Hospital2', '01-01-1970', 'Detalle Direccion', 'email1@email.com', '7272-1212', 1);
INSERT INTO usuarios_roles(id_usuario, id_rol) VALUES(5, 3);
INSERT INTO usuario(id_usuario, id_hospital, id_pais, id_municipio, id_genero, id_estado_c, username, password, enabled, nombres_usuario, apellidos_usuario, fecha_nac_usuario, detalle_dir_usuario, email_usuario, telefono_usuario, id_especialidad) VALUES(6, 1, 54, 214, 1, 1, 'doc4_hos2', 'grupo11Pass', 1, 'Doctor4', 'Hospital2', '01-01-1970', 'Detalle Direccion', 'email1@email.com', '7272-1212', 2);
INSERT INTO usuarios_roles(id_usuario, id_rol) VALUES(6, 3);
INSERT INTO usuario(id_usuario, id_hospital, id_pais, id_municipio, id_genero, id_estado_c, username, password, enabled, nombres_usuario, apellidos_usuario, fecha_nac_usuario, detalle_dir_usuario, email_usuario, telefono_usuario) VALUES(7, 1, 54, 214, 1, 1, 'rec_hos1', 'grupo11Pass', 1, 'Recepcionista', 'Hospital1', '01-01-1970', 'Detalle Direccion', 'email1@email.com', '7272-1212');
INSERT INTO usuarios_roles(id_usuario, id_rol) VALUES(7, 5);
INSERT INTO usuario(id_usuario, id_hospital, id_pais, id_municipio, id_genero, id_estado_c, username, password, enabled, nombres_usuario, apellidos_usuario, fecha_nac_usuario, detalle_dir_usuario, email_usuario, telefono_usuario) VALUES(8, 2, 54, 214, 1, 1, 'rec_hos2', 'grupo11Pass', 1, 'Recepcionista', 'Hospital2', '01-01-1970', 'Detalle Direccion', 'email2@email.com', '7272-1212');
INSERT INTO usuarios_roles(id_usuario, id_rol) VALUES(8, 5);
INSERT INTO usuario(id_usuario, id_hospital, id_pais, id_municipio, id_genero, id_estado_c, username, password, enabled, nombres_usuario, apellidos_usuario, fecha_nac_usuario, detalle_dir_usuario, email_usuario, telefono_usuario) VALUES(9, 1, 54, 214, 1, 1, 'enf_hos1', 'grupo11Pass', 1, 'Enfermero', 'Hospital1', '01-01-1970', 'Detalle Direccion', 'email1@email.com', '7272-1212');
INSERT INTO usuarios_roles(id_usuario, id_rol) VALUES(9, 4);
INSERT INTO usuario(id_usuario, id_hospital, id_pais, id_municipio, id_genero, id_estado_c, username, password, enabled, nombres_usuario, apellidos_usuario, fecha_nac_usuario, detalle_dir_usuario, email_usuario, telefono_usuario) VALUES(10, 2, 54, 214, 1, 1, 'enf_hos2', 'grupo11Pass', 1, 'Enfermero', 'Hospital2', '01-01-1970', 'Detalle Direccion', 'email2@email.com', '7272-1212');
INSERT INTO usuarios_roles(id_usuario, id_rol) VALUES(10, 4);
INSERT INTO usuario(id_usuario, id_pais, id_municipio, id_genero, id_estado_c, username, password, enabled, nombres_usuario, apellidos_usuario, fecha_nac_usuario, detalle_dir_usuario, email_usuario, telefono_usuario) VALUES(11, 54, 214, 1, 1, 'adm_gen', 'grupo11Pass', 1, 'Admin', 'General', '01-01-1970', 'Detalle Direccion', 'email2@email.com', '7272-1212');
INSERT INTO usuarios_roles(id_usuario, id_rol) VALUES(11, 1);